Year,Week,Team name,Opponent name,1st Downs,Passing 1st downs,Rushing 1st downs,1st downs from penalties,Total Plays,Total Yards,Total Drives,Yards per Play,Passing,Yards per pass,Interceptions thrown,Rushing,Rushing Attempts,Yards per rush,Turnovers,Fumbles lost,Interceptions thrown.1,Defensive / Special Teams TDs,Points scored,Points allowed,3rd down conv,3rd down att,4th down conv,4th down att,Pass comp,Pass att,Opponent sacks,Yds lost on sacks,Redzn Conv,Redzn Att,Tot penalties,Penalty Yds,TOP(sec),Win(1) / Loss(0)
2023,1,Lions,Chiefs,19,11,8,0,70,368,11,5.3,250,6.9,0,118,34,3.5,1,1,0,1,21,20,5,15,1,3,22,35,1,3,2,3,4,63,1958,1
2023,1,Chiefs,Lions,17,10,6,1,62,316,11,5.1,226,5.8,1,90,23,3.9,1,0,1,0,20,21,5,14,0,1,21,39,0,0,2,3,3,25,1642,0
2023,1,Panthers,Falcons,20,9,9,2,72,281,12,3.9,127,3.2,2,154,32,4.8,3,1,2,0,10,24,5,14,0,2,20,38,2,19,1,2,9,66,2081,0
2023,1,Falcons,Panthers,13,6,7,0,48,221,13,4.6,91,4.1,0,130,26,5.0,0,0,0,0,24,10,2,10,0,0,15,18,4,24,3,3,6,43,1519,1
2023,1,Bengals,Browns,6,3,2,1,54,142,15,2.6,67,2.0,0,75,20,3.8,0,0,0,0,3,24,2,15,0,1,14,32,2,15,0,0,4,20,1450,0
2023,1,Browns,Bengals,21,9,12,0,72,350,14,4.9,144,4.5,1,206,40,5.2,2,1,1,0,24,3,4,14,0,0,16,29,3,10,2,3,5,43,2150,1
2023,1,Jaguars,Colts,20,10,9,1,69,342,15,5.0,237,7.0,1,105,35,3.0,2,1,1,0,31,21,3,12,1,3,24,32,2,4,3,3,4,45,2017,1
2023,1,Colts,Jaguars,18,12,4,2,69,280,14,4.1,215,5.0,1,65,26,2.5,3,2,1,1,21,31,2,12,1,5,24,39,4,8,1,3,4,35,1583,0
2023,1,Buccaneers,Vikings,16,9,5,2,68,242,12,3.6,169,4.8,0,73,33,2.2,0,0,0,0,20,17,6,17,1,1,21,34,1,4,1,2,3,19,1839,1
2023,1,Vikings,Buccaneers,18,15,2,1,63,369,11,5.9,328,7.1,1,41,17,2.4,3,2,1,0,17,20,6,14,0,0,33,44,2,16,1,3,6,45,1761,0
2023,1,Titans,Saints,16,8,5,3,59,285,12,4.8,181,4.9,3,104,22,4.7,3,0,3,0,15,16,2,12,0,0,16,34,3,17,0,3,6,45,1880,0
2023,1,Saints,Titans,15,12,2,1,64,351,12,5.5,282,7.6,1,69,27,2.6,2,1,1,0,16,15,7,16,0,0,23,33,4,23,1,4,7,45,1720,1
2023,1,49ers,Steelers,22,13,8,1,66,391,12,5.9,203,6.3,0,188,34,5.5,1,1,0,0,30,7,6,13,1,1,19,29,3,17,2,3,11,85,2243,1
2023,1,Steelers,49ers,15,9,3,3,61,239,11,3.9,198,3.9,2,41,10,4.1,2,0,2,0,7,30,5,15,1,3,31,46,5,34,1,2,6,60,1357,0
2023,1,Cardinals,Washington,13,9,4,0,58,210,11,3.6,114,3.5,0,96,25,3.8,2,2,0,1,16,20,4,14,0,1,21,30,3,18,0,2,9,122,1716,0
2023,1,Washington,Cardinals,21,10,7,4,65,248,13,3.8,156,4.2,1,92,28,3.3,3,2,1,0,20,16,4,12,0,0,19,31,6,46,2,5,8,70,1884,1
2023,1,Texans,Ravens,18,13,1,4,72,268,12,3.7,196,4.0,0,72,23,3.1,1,1,0,0,9,25,7,18,1,4,28,44,5,46,0,2,9,88,1745,0
2023,1,Ravens,Texans,18,8,7,3,58,265,11,4.6,155,6.0,1,110,32,3.4,2,1,1,0,25,9,8,15,0,0,17,22,4,14,3,5,13,106,1855,1
2023,1,Packers,Bears,15,10,5,0,60,329,11,5.5,237,8.5,0,92,32,2.9,0,0,0,1,38,20,9,16,1,2,15,27,1,8,3,3,9,90,1757,1
2023,1,Bears,Packers,22,12,8,2,70,311,12,4.4,189,4.6,1,122,29,4.2,2,1,1,0,20,38,3,13,1,2,24,37,4,27,1,2,7,61,1843,0
2023,1,Raiders,Broncos,22,11,5,6,55,261,7,4.7,200,7.7,1,61,29,2.1,1,0,1,0,17,16,5,11,1,1,20,26,0,0,2,4,10,97,1672,1
2023,1,Broncos,Raiders,22,11,5,6,58,260,6,4.5,166,4.6,0,94,22,4.3,0,0,0,0,16,17,5,11,0,0,27,34,2,11,2,3,10,83,1928,0
2023,1,Eagles,Patriots,17,8,6,3,61,251,13,4.1,154,4.3,0,97,25,3.9,1,1,0,1,25,20,4,13,0,1,22,33,3,16,1,2,5,49,1848,1
2023,1,Patriots,Eagles,24,18,5,1,78,382,13,4.9,306,5.5,1,76,22,3.5,2,1,1,0,20,25,5,15,1,4,35,54,2,10,3,5,7,50,1752,0
2023,1,Dolphins,Chargers,30,23,5,2,65,536,11,8.2,466,10.4,1,70,20,3.5,2,1,1,0,36,34,4,9,1,1,28,45,0,0,3,5,6,38,1639,1
2023,1,Chargers,Dolphins,30,10,17,3,76,433,10,5.7,200,5.6,0,233,40,5.8,0,0,0,0,34,36,9,15,0,1,23,33,3,29,4,5,6,70,1961,0
2023,1,Rams,Seahawks,27,17,8,2,78,426,9,5.5,334,8.8,0,92,40,2.3,0,0,0,0,30,13,11,17,1,1,24,38,0,0,3,3,7,53,2363,1
2023,1,Seahawks,Rams,13,7,3,3,46,180,9,3.9,95,3.4,0,85,18,4.7,0,0,0,0,13,30,2,9,0,0,16,26,2,17,1,2,7,55,1237,0
2023,1,Cowboys,Giants,18,8,7,3,55,265,9,4.8,143,5.7,0,122,30,4.1,0,0,0,2,40,0,6,13,1,2,13,25,0,0,3,4,5,35,1592,1
2023,1,Giants,Cowboys,14,5,6,3,65,171,12,2.6,63,1.7,2,108,28,3.9,3,1,2,0,0,40,5,16,3,5,17,30,7,47,0,2,6,72,2008,0
2023,1,Bills,Jets,19,11,8,0,68,314,11,4.6,217,4.7,3,97,22,4.4,4,1,3,0,16,22,5,13,0,0,29,41,5,19,1,2,5,40,1988,0
2023,1,Jets,Bills,13,7,5,1,53,289,11,5.5,117,4.7,1,172,28,6.1,1,0,1,1,22,16,5,13,1,1,14,22,3,23,1,3,2,10,1670,1
2023,2,Vikings,Eagles,19,19,0,0,55,374,11,6.8,346,7.5,0,28,9,3.1,4,4,0,0,28,34,6,10,1,1,31,44,2,18,3,3,2,15,1232,0
2023,2,Eagles,Vikings,24,4,19,1,75,430,12,5.7,171,6.3,1,259,48,5.4,1,0,1,0,34,28,6,14,1,1,18,23,4,22,3,4,7,45,2368,1
2023,2,Packers,Falcons,17,10,4,3,47,224,10,4.8,140,5.4,0,84,21,4.0,0,0,0,0,24,25,3,9,0,1,14,25,1,11,2,3,7,40,1425,0
2023,2,Falcons,Packers,27,10,15,2,78,446,10,5.7,235,7.1,1,211,45,4.7,1,0,1,0,25,24,6,15,3,4,19,32,1,2,2,5,6,110,2175,1
2023,2,Raiders,Bills,13,10,2,1,39,240,9,6.2,185,7.7,2,55,15,3.7,3,1,2,0,10,38,3,7,0,0,16,24,0,0,1,2,2,30,1196,0
2023,2,Bills,Raiders,29,17,10,2,74,450,9,6.1,267,6.8,0,183,35,5.2,0,0,0,0,38,10,7,13,3,4,31,37,2,7,5,7,4,30,2404,1
2023,2,Ravens,Bengals,26,12,11,3,70,415,9,5.9,237,7.2,0,178,37,4.8,0,0,0,0,27,24,9,14,0,0,24,33,0,0,3,4,6,56,1984,1
2023,2,Bengals,Ravens,19,13,4,2,57,282,7,4.9,216,5.1,1,66,15,4.4,1,0,1,1,24,27,10,15,1,1,27,41,1,6,2,4,5,30,1616,0
2023,2,Seahawks,Lions,28,18,7,3,67,393,10,5.9,311,7.4,0,82,25,3.3,0,0,0,1,37,31,5,11,1,1,32,41,1,17,4,5,9,80,2011,1
2023,2,Lions,Seahawks,25,17,5,3,64,418,11,6.5,316,8.5,1,102,27,3.8,3,2,1,0,31,37,6,11,1,3,28,35,2,7,2,2,4,24,1848,0
2023,2,Chargers,Titans,19,14,4,1,65,342,11,5.3,281,6.4,0,61,21,2.9,0,0,0,0,24,27,2,14,3,3,27,41,3,24,2,5,4,43,1689,0
2023,2,Titans,Chargers,22,9,10,3,63,341,11,5.4,200,6.9,0,141,34,4.1,0,0,0,0,27,24,6,13,0,1,20,24,5,46,3,4,7,45,2209,1
2023,2,Bears,Buccaneers,14,9,5,0,51,236,10,4.6,169,4.8,2,67,16,4.2,2,0,2,0,17,27,6,13,0,0,16,29,6,42,1,1,5,28,1444,0
2023,2,Buccaneers,Bears,19,10,8,1,68,437,10,6.4,317,9.3,0,120,34,3.5,0,0,0,1,27,17,8,15,1,1,26,34,0,0,1,4,7,54,2156,1
2023,2,Chiefs,Jaguars,19,12,7,0,64,399,10,6.2,298,7.1,1,101,22,4.6,3,2,1,0,17,9,4,13,2,2,29,41,1,7,2,4,12,94,1909,1
2023,2,Jaguars,Chiefs,18,14,1,3,64,271,11,4.2,197,4.3,0,74,18,4.1,1,1,0,0,9,17,3,12,0,2,23,42,4,18,0,3,2,10,1691,0
2023,2,Colts,Texans,19,13,6,0,56,353,10,6.3,227,6.9,0,126,23,5.5,0,0,0,0,31,20,6,12,0,0,25,33,0,0,4,4,8,42,1502,1
2023,2,Texans,Colts,24,18,3,3,79,389,11,4.9,337,6.4,0,52,26,2.0,1,1,0,0,20,31,9,19,2,2,30,47,6,47,1,4,3,20,2098,0
2023,2,49ers,Rams,21,11,8,2,54,365,10,6.8,206,7.9,0,159,28,5.7,0,0,0,0,30,23,2,9,0,0,17,25,1,0,3,5,6,57,1609,1
2023,2,Rams,49ers,28,17,9,2,78,386,10,4.9,297,5.3,2,89,22,4.0,2,0,2,0,23,30,7,14,1,2,34,55,1,10,2,3,6,55,1991,0
2023,2,Giants,Cardinals,26,15,10,1,67,439,10,6.6,312,7.8,1,127,27,4.7,1,0,1,0,31,28,7,12,1,1,26,37,3,9,4,5,9,75,1763,1
2023,2,Cardinals,Giants,24,11,10,3,60,379,10,6.3,228,7.4,0,151,29,5.2,0,0,0,0,28,31,4,10,0,0,21,31,0,0,2,3,8,57,1837,0
2023,2,Jets,Cowboys,12,6,4,2,46,215,11,4.7,151,5.0,3,64,16,4.0,4,1,3,0,10,30,1,10,1,1,12,27,3,19,0,1,5,29,1065,0
2023,2,Cowboys,Jets,26,16,8,2,83,382,12,4.6,248,6.4,0,134,44,3.0,0,0,0,0,30,10,9,18,0,0,31,38,1,7,2,6,6,38,2535,1
2023,2,Washington,Broncos,26,11,11,4,66,388,11,5.9,266,6.2,0,122,23,5.3,0,0,0,0,35,33,3,10,1,1,27,39,4,33,3,3,8,71,2025,1
2023,2,Broncos,Washington,21,8,10,3,62,399,11,6.4,277,7.1,1,122,23,5.3,2,1,1,0,33,35,4,12,2,2,18,32,7,31,2,4,9,58,1575,0
2023,2,Dolphins,Patriots,22,15,6,1,61,389,11,6.4,244,7.9,1,145,30,4.8,1,0,1,0,24,17,4,10,0,0,21,30,1,5,2,3,6,46,1819,1
2023,2,Patriots,Dolphins,23,10,10,3,71,288,11,4.1,200,4.3,1,88,25,3.5,2,1,1,0,17,24,7,15,1,2,31,42,4,31,2,2,5,45,1781,0
2023,2,Saints,Panthers,23,11,10,2,74,341,11,4.6,207,5.0,1,134,33,4.1,1,0,1,0,20,17,7,16,0,0,22,37,4,29,2,4,3,32,1969,1
2023,2,Panthers,Saints,14,8,4,2,56,239,11,4.3,139,3.8,0,100,19,5.3,1,1,0,0,17,20,4,14,1,1,22,33,4,14,1,3,6,35,1631,0
2023,2,Browns,Steelers,20,12,7,1,81,408,15,5.0,210,4.6,1,198,35,5.7,4,3,1,0,22,26,5,16,0,2,22,40,6,25,2,3,8,81,2128,0
2023,2,Steelers,Browns,9,6,3,0,53,255,14,4.8,200,6.3,1,55,21,2.6,2,1,1,2,26,22,4,14,0,0,15,30,2,22,0,0,5,31,1472,1
2023,3,Giants,49ers,10,6,2,2,46,150,10,3.3,121,3.5,1,29,11,2.6,1,0,1,0,12,30,3,12,0,0,22,33,2,16,1,1,6,37,1250,0
2023,3,49ers,Giants,26,13,9,4,78,441,11,5.7,300,7.7,0,141,39,3.6,0,0,0,0,30,12,9,16,0,0,25,37,2,10,2,5,6,71,2350,1
2023,3,Titans,Browns,6,5,0,1,45,94,10,2.1,68,2.3,0,26,15,1.7,0,0,0,0,3,27,2,12,1,1,13,25,5,36,0,2,8,80,1291,0
2023,3,Browns,Titans,23,12,7,4,67,341,9,5.1,263,7.3,0,78,31,2.5,1,1,0,0,27,3,6,13,1,1,27,33,3,26,2,2,5,46,2309,1
2023,3,Falcons,Lions,16,9,3,4,65,183,12,2.8,139,3.1,0,44,20,2.2,1,1,0,0,6,20,4,14,0,1,21,38,7,62,0,1,4,24,1623,0
2023,3,Lions,Falcons,18,11,5,2,64,358,12,5.6,243,7.4,1,115,31,3.7,1,0,1,0,20,6,4,14,0,0,22,33,0,0,1,4,10,119,1977,1
2023,3,Saints,Packers,15,9,5,1,60,252,10,4.2,175,4.6,0,77,22,3.5,0,0,0,1,17,18,4,14,1,1,23,34,4,29,1,2,7,102,1645,0
2023,3,Packers,Saints,21,13,5,3,71,340,12,4.8,245,5.4,1,95,26,3.7,1,0,1,0,18,17,8,18,1,3,22,44,1,14,2,3,11,90,1955,1
2023,3,Broncos,Dolphins,16,13,2,1,59,363,14,6.2,294,7.5,1,69,20,3.5,3,2,1,1,20,70,3,12,0,1,23,38,1,12,1,4,7,46,1599,0
2023,3,Dolphins,Broncos,30,16,12,2,71,726,14,10.2,376,13.4,0,350,43,8.1,0,0,0,0,70,20,5,9,1,3,25,28,0,0,6,6,6,55,2001,1
2023,3,Chargers,Vikings,24,22,2,0,64,475,11,7.4,445,9.1,0,30,15,2.0,1,1,0,0,28,24,5,11,1,2,41,48,1,9,2,2,12,94,1607,1
2023,3,Vikings,Chargers,29,15,7,7,78,475,11,6.1,345,6.4,1,130,24,5.4,2,1,1,0,24,28,4,14,2,3,32,50,4,22,1,4,6,45,1993,0
2023,3,Patriots,Jets,17,9,8,0,69,358,13,5.2,201,6.9,0,157,40,3.9,0,0,0,0,15,10,8,19,0,0,15,29,0,0,0,0,6,43,1912,1
2023,3,Jets,Patriots,12,6,5,1,61,171,13,2.8,133,3.4,0,38,22,1.7,0,0,0,0,10,15,2,14,1,2,18,36,3,24,1,1,3,15,1688,0
2023,3,Bills,Washington,20,10,10,0,65,386,10,5.9,218,6.8,1,168,33,5.1,1,0,1,1,37,3,9,15,0,1,20,32,0,0,2,4,6,45,2079,1
2023,3,Washington,Bills,15,8,5,2,51,230,11,4.5,125,3.3,4,105,13,8.1,5,1,4,0,3,37,1,9,0,1,19,29,9,45,0,2,2,15,1521,0
2023,3,Texans,Jaguars,15,11,4,0,56,366,11,6.5,280,9.3,0,86,26,3.3,0,0,0,1,37,17,9,15,0,0,20,30,0,0,2,5,8,75,1677,1
2023,3,Jaguars,Texans,22,13,8,1,69,404,11,5.9,288,6.9,1,116,27,4.3,2,1,1,0,17,37,5,13,0,1,29,42,0,0,1,2,6,49,1923,0
2023,3,Colts,Ravens,19,9,10,0,84,327,16,3.9,188,3.8,0,139,35,4.0,0,0,0,0,22,19,8,22,0,1,27,44,5,39,1,2,6,31,2193,1
2023,3,Ravens,Colts,20,7,12,1,72,364,15,5.1,178,5.1,0,186,37,5.0,2,2,0,0,19,22,6,16,0,1,22,31,4,24,2,2,1,5,1938,0
2023,3,Panthers,Seahawks,23,17,3,3,75,378,12,5.0,334,5.5,0,44,14,3.1,0,0,0,0,27,37,10,19,0,1,34,58,3,27,2,2,13,82,1772,0
2023,3,Seahawks,Panthers,27,14,10,3,71,425,13,6.0,279,7.3,1,146,33,4.4,1,0,1,0,37,27,3,13,1,1,23,36,2,17,3,6,8,82,1828,1
2023,3,Bears,Chiefs,11,5,6,0,51,203,10,4.0,87,3.5,1,116,26,4.5,2,1,1,0,10,41,4,12,1,2,11,22,3,12,1,2,6,32,1427,0
2023,3,Chiefs,Bears,31,16,12,3,75,456,11,6.1,303,8.0,2,153,37,4.1,2,0,2,0,41,10,10,14,0,0,27,38,0,0,5,5,3,15,2173,1
2023,3,Cowboys,Cardinals,26,11,12,3,75,416,8,5.5,231,5.5,1,185,33,5.6,1,0,1,0,16,28,9,16,0,1,25,40,2,18,1,5,13,107,2073,0
2023,3,Cardinals,Cowboys,20,8,8,4,53,400,9,7.5,178,7.7,0,222,30,7.4,0,0,0,0,28,16,5,10,0,0,17,21,2,11,2,2,8,69,1527,1
2023,3,Steelers,Raiders,17,10,5,2,60,333,13,5.6,228,7.9,0,105,31,3.4,0,0,0,0,23,18,6,15,0,0,16,28,1,7,1,1,6,45,1803,1
2023,3,Raiders,Steelers,19,12,4,3,67,362,12,5.4,293,6.1,3,69,19,3.6,3,0,3,0,18,23,4,13,1,2,28,44,4,31,1,2,7,60,1797,0
2023,3,Eagles,Buccaneers,27,13,12,2,78,472,10,6.1,271,7.1,2,201,40,5.0,2,0,2,0,25,11,10,16,2,3,23,37,1,6,1,5,3,20,2335,1
2023,3,Buccaneers,Eagles,12,10,1,1,44,174,9,4.0,133,4.9,1,41,17,2.4,2,1,1,0,11,25,5,10,0,0,15,25,2,13,1,2,4,20,1265,0
2023,3,Rams,Bengals,15,12,2,1,52,292,12,5.6,221,5.7,2,71,13,5.5,2,0,2,0,16,19,1,11,1,1,18,33,6,48,1,4,4,28,1440,0
2023,3,Bengals,Rams,19,12,5,2,74,309,13,4.2,242,4.7,1,67,23,2.9,1,0,1,0,19,16,5,17,1,1,26,49,2,17,1,1,7,49,2160,1
2023,4,Lions,Packers,25,11,13,1,73,401,12,5.5,190,6.3,1,211,43,4.9,1,0,1,0,34,20,7,17,2,2,19,28,2,20,3,6,8,70,2278,1
2023,4,Packers,Lions,15,9,2,4,53,230,12,4.3,203,5.0,2,27,12,2.3,2,0,2,0,20,34,3,11,1,1,23,36,5,43,2,4,4,31,1322,0
2023,4,Falcons,Jaguars,17,11,6,0,57,287,10,5.0,160,4.6,2,127,22,5.8,3,1,2,0,7,23,6,12,0,1,19,31,4,31,1,2,3,50,1629,0
2023,4,Jaguars,Falcons,16,11,4,1,64,300,10,4.7,195,6.1,0,105,32,3.3,0,0,0,1,23,7,5,14,1,2,23,30,2,12,0,1,3,25,1971,1
2023,4,Dolphins,Bills,20,12,8,0,58,393,11,6.8,251,6.4,1,142,19,7.5,2,1,1,0,20,48,3,10,0,3,25,35,4,31,3,4,8,98,1778,0
2023,4,Bills,Dolphins,24,14,8,2,56,414,12,7.4,310,11.5,0,104,29,3.6,0,0,0,0,48,20,5,10,0,0,21,25,2,10,5,6,4,20,1822,1
2023,4,Broncos,Bears,17,9,6,2,48,311,9,6.5,214,7.4,0,97,19,5.1,0,0,0,1,31,28,6,11,0,0,21,28,1,9,3,3,7,39,1571,1
2023,4,Bears,Broncos,26,17,7,2,70,471,10,6.7,300,7.7,1,171,31,5.5,2,1,1,0,28,31,6,12,1,3,28,35,4,35,2,3,10,91,2029,0
2023,4,Ravens,Browns,16,8,7,1,55,296,12,5.4,165,7.5,0,131,33,4.0,1,1,0,0,28,3,4,12,1,1,15,19,3,21,4,4,8,92,1790,1
2023,4,Browns,Ravens,13,6,5,2,65,166,13,2.6,73,1.8,3,93,25,3.7,3,0,3,0,3,28,4,16,1,1,19,36,4,48,0,2,7,42,1810,0
2023,4,Bengals,Titans,14,8,5,1,51,211,9,4.1,139,4.2,0,72,18,4.0,1,1,0,0,3,27,2,9,0,1,20,30,3,26,0,1,5,40,1515,0
2023,4,Titans,Bengals,23,11,9,3,62,400,9,6.5,227,7.8,1,173,33,5.2,1,0,1,0,27,3,8,13,1,1,19,26,3,15,2,4,5,27,2085,1
2023,4,Rams,Colts,27,16,8,3,78,467,12,6.0,303,7.2,1,164,36,4.6,1,0,1,0,29,23,6,15,1,1,27,40,2,16,2,3,8,85,2386,1
2023,4,Colts,Rams,19,10,6,3,58,329,11,5.7,196,7.3,0,133,31,4.3,1,1,0,0,23,29,3,10,1,2,11,25,2,4,2,2,8,80,1465,0
2023,4,Buccaneers,Saints,21,13,6,2,67,353,11,5.3,239,7.0,1,114,33,3.5,1,0,1,0,26,9,8,15,0,0,25,33,1,7,3,4,11,91,1871,1
2023,4,Saints,Buccaneers,16,9,4,3,61,197,11,3.2,127,3.0,1,70,19,3.7,3,2,1,0,9,26,5,14,1,2,24,39,3,13,0,2,7,58,1729,0
2023,4,Washington,Eagles,26,12,9,5,74,365,10,4.9,258,5.6,0,107,28,3.8,0,0,0,0,31,34,8,17,2,2,29,41,5,32,4,5,7,41,2107,0
2023,4,Eagles,Washington,23,14,6,3,67,415,10,6.2,311,7.8,0,104,27,3.9,0,0,0,0,34,31,4,12,2,2,25,37,3,8,1,2,11,80,1855,1
2023,4,Vikings,Panthers,14,9,4,1,44,265,9,6.0,130,6.2,2,135,23,5.9,2,0,2,1,21,13,1,8,1,2,12,19,2,9,1,2,7,37,1291,1
2023,4,Panthers,Vikings,20,11,7,2,68,232,9,3.4,149,4.0,0,83,31,2.7,1,1,0,1,13,21,5,14,2,3,25,32,5,55,0,2,6,80,2309,0
2023,4,Steelers,Texans,12,4,7,1,56,225,10,4.0,111,3.6,1,114,25,4.6,1,0,1,0,6,30,6,14,0,1,18,28,3,21,0,2,2,18,1645,0
2023,4,Texans,Steelers,24,14,9,1,69,451,10,6.5,312,10.1,0,139,38,3.7,0,0,0,0,30,6,6,12,0,1,17,31,0,0,2,3,8,63,1955,1
2023,4,Raiders,Chargers,22,12,7,3,69,264,11,3.8,188,4.1,1,76,23,3.3,3,2,1,0,17,24,1,11,3,3,24,39,7,50,2,5,9,80,1971,0
2023,4,Chargers,Raiders,16,6,7,3,63,305,12,4.8,150,5.8,1,155,37,4.2,1,0,1,0,24,17,5,14,1,2,13,24,2,17,3,4,4,34,1629,1
2023,4,Patriots,Cowboys,10,8,2,0,55,253,11,4.6,200,6.3,2,53,23,2.3,3,1,2,0,3,38,4,13,0,2,16,30,2,7,0,1,6,50,1491,0
2023,4,Cowboys,Patriots,22,15,6,1,69,377,10,5.5,253,6.5,0,124,30,4.1,0,0,0,2,38,3,8,15,0,1,30,36,3,28,1,4,5,32,2109,1
2023,4,Cardinals,49ers,23,13,7,3,67,362,7,5.4,257,6.1,0,105,25,4.2,0,0,0,0,16,35,8,15,2,3,28,41,1,8,2,3,9,55,1846,0
2023,4,49ers,Cardinals,30,17,10,3,53,395,8,7.5,271,12.3,0,124,31,4.0,0,0,0,0,35,16,3,5,1,1,20,21,1,12,5,5,4,21,1754,1
2023,4,Chiefs,Jets,24,9,11,4,66,401,11,6.1,197,6.4,2,204,35,5.8,2,0,2,0,23,20,7,12,0,0,18,30,1,6,0,4,5,46,1929,1
2023,4,Jets,Chiefs,18,12,5,1,57,336,11,5.9,228,5.6,0,108,16,6.8,1,1,0,0,20,23,5,12,0,0,28,39,2,17,2,3,7,42,1671,0
2023,4,Seahawks,Giants,13,6,6,1,51,281,11,5.5,160,5.7,0,121,23,5.3,0,0,0,1,24,3,3,12,0,2,15,26,2,13,2,4,8,74,1440,1
2023,4,Giants,Seahawks,17,9,7,1,74,248,12,3.4,136,3.0,2,112,29,3.9,3,1,2,0,3,24,6,16,2,4,27,34,11,67,0,1,6,45,2160,0
2023,5,Bears,Washington,18,9,9,0,64,451,11,7.0,273,8.5,0,178,32,5.6,0,0,0,0,40,20,7,15,1,1,15,29,3,9,3,6,3,35,1804,1
2023,5,Washington,Bears,23,21,1,1,66,388,12,5.9,359,6.4,1,29,10,2.9,2,1,1,0,20,40,6,12,0,1,37,51,5,29,2,3,1,5,1796,0
2023,5,Jaguars,Bills,29,16,9,4,82,474,12,5.8,278,6.6,0,196,40,4.9,2,2,0,0,25,20,10,18,0,0,25,37,5,37,2,4,8,56,2292,1
2023,5,Bills,Jaguars,18,13,3,2,54,388,12,7.2,359,9.0,1,29,14,2.1,2,1,1,0,20,25,5,12,0,0,27,40,0,0,3,3,11,109,1308,0
2023,5,Texans,Falcons,17,13,3,1,58,313,11,5.4,249,7.1,0,64,23,2.8,0,0,0,0,19,21,4,13,0,0,20,35,0,0,1,3,5,25,1468,0
2023,5,Falcons,Texans,26,18,8,0,74,447,12,6.0,351,9.2,0,96,36,2.7,2,2,0,0,21,19,7,14,0,0,29,38,0,0,2,4,7,55,2132,1
2023,5,Panthers,Lions,26,15,7,4,65,342,10,5.3,243,5.8,2,99,23,4.3,3,1,2,0,24,42,5,10,1,1,25,41,1,4,3,4,7,45,1725,0
2023,5,Lions,Panthers,23,11,11,1,60,377,11,6.3,218,7.3,0,159,30,5.3,0,0,0,0,42,24,4,10,1,2,20,28,2,18,4,4,5,35,1875,1
2023,5,Titans,Colts,19,14,4,1,58,348,8,6.0,259,7.2,1,89,22,4.0,1,0,1,0,16,23,5,12,1,2,23,35,1,5,1,4,4,58,1737,0
2023,5,Colts,Titans,21,12,7,2,61,429,8,7.0,236,8.7,0,193,34,5.7,0,0,0,0,23,16,8,13,0,1,20,26,1,17,1,5,8,55,1863,1
2023,5,Giants,Dolphins,15,10,3,2,68,268,9,3.9,183,4.7,0,85,29,2.9,0,0,0,1,16,31,5,17,1,2,23,32,7,22,0,2,6,43,2159,0
2023,5,Dolphins,Giants,22,14,8,0,54,524,11,9.7,302,9.7,2,222,23,9.7,3,1,2,0,31,16,3,8,0,0,22,30,1,6,2,3,6,43,1441,1
2023,5,Saints,Patriots,17,11,6,0,70,304,14,4.3,168,6.0,0,136,42,3.2,0,0,0,1,34,0,5,15,0,0,18,26,2,15,3,4,12,86,2374,1
2023,5,Patriots,Saints,8,4,1,3,51,156,14,3.1,111,3.4,2,45,18,2.5,3,1,2,0,0,34,1,14,0,2,15,31,2,21,0,0,5,30,1226,0
2023,5,Ravens,Steelers,19,11,7,1,67,335,12,5.0,210,5.0,1,125,25,5.0,3,2,1,0,10,17,5,14,0,2,22,38,4,26,1,3,2,20,1814,0
2023,5,Steelers,Ravens,17,11,6,0,65,289,12,4.4,202,5.8,0,87,30,2.9,1,1,0,0,17,10,6,15,0,0,18,32,3,22,0,2,3,30,1786,1
2023,5,Eagles,Rams,28,13,12,3,78,454,8,5.8,295,7.6,1,159,39,4.1,1,0,1,0,23,14,13,18,0,1,25,38,1,8,2,6,3,35,2275,1
2023,5,Rams,Eagles,17,13,2,2,55,249,8,4.5,195,4.8,0,54,14,3.9,0,0,0,0,14,23,6,14,2,3,21,37,4,27,1,1,5,48,1325,0
2023,5,Bengals,Cardinals,27,19,7,1,79,380,12,4.8,287,5.9,1,93,30,3.1,1,0,1,1,34,20,5,14,0,3,36,46,3,30,2,5,4,40,2290,1
2023,5,Cardinals,Bengals,15,10,5,0,57,294,13,5.2,152,4.3,2,142,22,6.5,3,1,2,0,20,34,4,11,0,3,15,32,3,14,2,3,2,16,1310,0
2023,5,Jets,Broncos,18,10,8,0,62,407,11,6.6,173,5.8,1,234,32,7.3,2,1,1,1,31,21,3,12,0,0,19,26,4,26,0,5,9,71,2076,1
2023,5,Broncos,Jets,18,10,5,3,57,308,12,5.4,169,4.8,0,139,22,6.3,3,3,0,0,21,31,4,10,0,0,20,31,4,27,2,4,4,31,1524,0
2023,5,Chiefs,Vikings,21,15,5,1,64,333,8,5.2,266,6.2,0,67,21,3.2,0,0,0,0,27,20,9,15,0,0,31,41,2,15,3,3,10,86,1919,1
2023,5,Vikings,Chiefs,24,15,4,5,68,329,8,4.8,259,5.2,0,70,18,3.9,1,1,0,0,20,27,6,14,4,5,29,47,3,25,2,4,4,51,1681,0
2023,5,Cowboys,49ers,8,5,3,0,49,197,13,4.0,140,4.7,3,57,19,3.0,4,1,3,0,10,42,4,11,0,1,16,26,4,21,0,0,6,60,1375,0
2023,5,49ers,Cowboys,25,12,10,3,67,421,13,6.3,251,9.7,0,170,41,4.1,1,1,0,0,42,10,6,11,0,1,18,25,1,2,4,5,6,45,2225,1
2023,5,Packers,Raiders,18,7,9,2,57,285,11,5.0,175,5.5,3,110,25,4.4,3,0,3,0,13,17,4,12,1,1,16,30,2,7,1,3,3,18,1646,0
2023,5,Raiders,Packers,19,13,6,0,64,279,11,4.4,183,5.2,1,96,29,3.3,1,0,1,0,17,13,5,13,1,1,22,31,4,25,2,3,4,28,1954,1
2023,6,Broncos,Chiefs,14,4,8,2,49,197,10,4.0,82,3.2,2,115,23,5.0,3,1,2,0,8,19,4,10,0,1,13,22,4,13,1,1,3,34,1451,0
2023,6,Chiefs,Broncos,22,14,6,2,70,389,11,5.6,293,6.8,1,96,27,3.6,1,0,1,0,19,8,4,13,0,1,30,41,2,13,1,5,7,84,2149,1
2023,6,Ravens,Titans,20,9,9,2,70,360,12,5.1,221,7.1,1,139,39,3.6,1,0,1,0,24,16,8,16,0,0,21,30,1,2,1,6,9,88,2142,1
2023,6,Titans,Ravens,17,4,5,8,46,233,10,5.1,104,3.9,1,129,19,6.8,2,1,1,0,16,24,1,9,0,0,12,21,6,46,1,4,6,45,1458,0
2023,6,Washington,Falcons,13,9,3,1,50,193,12,3.9,121,4.3,0,72,22,3.3,0,0,0,0,24,16,2,10,1,1,14,23,5,30,2,3,6,40,1417,1
2023,6,Falcons,Washington,25,18,5,2,79,402,11,5.1,296,5.9,3,106,29,3.7,3,0,3,0,16,24,5,15,1,3,28,47,3,11,2,3,4,31,2183,0
2023,6,Vikings,Bears,12,8,3,1,55,220,11,4.0,174,5.3,0,46,22,2.1,1,1,0,1,19,13,2,13,1,2,21,31,2,7,1,1,5,63,1489,1
2023,6,Bears,Vikings,18,8,9,1,65,275,12,4.2,113,3.9,2,162,36,4.5,3,1,2,0,13,19,6,14,0,1,16,24,5,28,1,2,5,29,2111,0
2023,6,Seahawks,Bengals,24,13,6,5,70,384,11,5.5,297,6.6,2,87,25,3.5,2,0,2,0,13,17,5,12,0,2,27,41,4,29,1,5,7,64,2041,0
2023,6,Bengals,Seahawks,15,10,3,2,53,214,11,4.0,168,4.4,1,46,15,3.1,1,0,1,0,17,13,3,11,0,0,24,35,3,17,2,2,5,43,1559,1
2023,6,49ers,Browns,15,5,6,4,55,215,13,3.9,107,3.6,1,108,25,4.3,1,0,1,0,17,19,3,12,0,0,12,27,3,18,2,3,12,105,1617,0
2023,6,Browns,49ers,18,6,10,2,70,334,13,4.8,174,4.8,2,160,34,4.7,2,0,2,0,19,17,3,13,1,1,18,34,2,18,1,2,13,119,1983,1
2023,6,Panthers,Dolphins,21,13,6,2,68,296,11,4.4,188,4.4,0,108,25,4.3,0,0,0,1,21,42,5,14,0,4,24,39,4,36,2,2,3,11,1844,0
2023,6,Dolphins,Panthers,23,14,8,1,65,424,12,6.5,262,8.2,1,162,33,4.9,1,0,1,0,42,21,7,13,0,0,21,32,0,0,5,5,3,25,1756,1
2023,6,Colts,Jaguars,18,14,4,0,75,354,13,4.7,310,5.3,3,44,17,2.6,4,1,3,0,20,37,6,17,3,6,33,55,3,19,2,4,6,46,1879,0
2023,6,Jaguars,Colts,17,6,7,4,62,233,14,3.8,148,4.5,1,85,29,2.9,1,0,1,0,37,20,4,14,1,1,20,30,3,33,2,3,5,25,1721,1
2023,6,Saints,Texans,24,13,9,2,78,430,10,5.5,341,6.4,1,89,25,3.6,2,1,1,0,13,20,6,15,0,2,33,51,2,16,0,3,7,83,1893,0
2023,6,Texans,Saints,19,9,7,3,60,297,12,5.0,177,6.1,1,120,31,3.9,1,0,1,0,20,13,4,11,0,0,13,27,2,22,2,4,3,29,1707,1
2023,6,Patriots,Raiders,17,7,8,2,56,259,9,4.6,176,4.8,1,83,19,4.4,1,0,1,0,17,21,6,12,0,0,24,33,4,24,2,2,10,79,1668,0
2023,6,Raiders,Patriots,19,12,4,3,65,348,9,5.4,264,8.3,1,84,33,2.5,1,0,1,0,21,17,8,16,0,0,20,32,0,0,1,6,6,42,1932,1
2023,6,Cardinals,Rams,20,12,6,2,73,345,12,4.7,215,5.0,1,130,30,4.3,2,1,1,0,9,26,6,16,2,4,21,41,2,20,0,3,5,36,1830,0
2023,6,Rams,Cardinals,17,7,9,1,55,382,10,6.9,203,7.5,0,179,28,6.4,1,1,0,0,26,9,4,12,0,0,15,24,3,23,2,5,6,59,1770,1
2023,6,Eagles,Jets,24,16,6,2,69,348,10,5.0,268,5.7,3,80,22,3.6,4,1,3,0,14,20,7,14,1,2,28,45,2,12,2,3,5,46,1844,0
2023,6,Jets,Eagles,17,9,5,3,59,244,11,4.1,155,4.1,0,89,21,4.2,0,0,0,0,20,14,2,11,0,1,19,33,5,31,1,4,9,68,1756,1
2023,6,Lions,Buccaneers,19,16,2,1,69,380,11,5.5,340,7.2,0,40,22,1.8,0,0,0,0,20,6,9,16,0,0,30,44,3,13,0,2,5,35,2190,1
2023,6,Buccaneers,Lions,13,12,0,1,54,251,10,4.6,205,5.4,1,46,16,2.9,1,0,1,0,6,20,2,12,1,2,19,37,1,1,0,2,5,33,1410,0
2023,6,Giants,Bills,20,11,5,4,73,317,10,4.3,185,4.7,0,132,34,3.9,0,0,0,0,9,14,10,19,1,2,24,36,3,15,0,5,9,65,1884,0
2023,6,Bills,Giants,22,12,7,3,59,297,9,5.0,169,5.6,1,128,29,4.4,2,1,1,0,14,9,6,12,0,0,19,30,0,0,2,2,7,51,1716,1
2023,6,Cowboys,Chargers,20,12,5,3,61,342,10,5.6,246,7.0,0,96,26,3.7,1,1,0,0,20,17,5,13,1,2,21,30,5,26,2,4,11,85,1792,1
2023,6,Chargers,Cowboys,18,12,2,4,61,272,10,4.5,219,5.8,1,53,23,2.3,1,0,1,0,17,20,5,14,1,2,22,37,1,8,2,4,9,79,1808,0
2023,7,Jaguars,Saints,18,9,7,2,56,330,12,5.9,217,7.2,0,113,26,4.3,2,2,0,1,31,24,2,11,1,2,21,30,0,0,2,2,5,42,1430,1
2023,7,Saints,Jaguars,25,15,8,2,87,407,14,4.7,295,5.3,1,112,31,3.6,1,0,1,0,24,31,3,18,4,6,33,55,1,6,2,5,3,34,2170,0
2023,7,Raiders,Bears,20,16,1,3,60,235,9,3.9,196,4.3,3,39,14,2.8,3,0,3,0,12,30,2,9,2,2,27,45,1,8,1,2,2,15,1554,0
2023,7,Bears,Raiders,23,10,13,0,69,323,9,4.7,150,4.8,0,173,38,4.6,0,0,0,1,30,12,8,13,0,1,21,29,2,12,3,3,9,110,2046,1
2023,7,Browns,Colts,18,9,6,3,72,316,16,4.4,166,4.3,2,150,33,4.5,2,0,2,1,39,38,4,16,1,2,16,37,2,17,2,2,4,20,1649,1
2023,7,Colts,Browns,20,11,8,1,67,456,16,6.8,288,10.7,1,168,40,4.2,4,3,1,0,38,39,7,15,0,0,15,23,4,17,3,4,8,67,1951,0
2023,7,Bills,Patriots,24,14,7,3,66,339,10,5.1,258,6.1,1,81,24,3.4,2,1,1,0,25,29,5,12,2,3,27,41,1,7,2,4,9,46,1934,0
2023,7,Patriots,Bills,21,13,6,2,55,364,9,6.6,268,8.6,0,96,24,4.0,1,1,0,0,29,25,4,9,0,0,25,30,1,4,3,5,8,59,1666,1
2023,7,Washington,Giants,14,9,3,2,67,273,14,4.1,197,4.1,1,76,19,4.0,1,0,1,0,7,14,1,15,2,3,22,42,6,52,1,3,10,75,1874,0
2023,7,Giants,Washington,16,10,5,1,65,356,14,5.5,250,7.6,0,106,32,3.3,2,2,0,0,14,7,5,16,0,0,18,29,4,29,1,2,4,40,1726,1
2023,7,Falcons,Buccaneers,20,9,10,1,64,401,10,6.3,245,9.4,0,156,38,4.1,3,3,0,0,16,13,7,13,0,0,19,25,1,5,1,5,9,60,1799,1
2023,7,Buccaneers,Falcons,21,13,2,6,65,329,10,5.1,256,5.7,1,73,20,3.7,2,1,1,0,13,16,6,12,0,1,27,42,3,19,0,2,9,66,1801,0
2023,7,Lions,Ravens,18,13,4,1,72,337,10,4.7,253,4.4,1,84,14,6.0,1,0,1,0,6,38,5,16,2,6,33,53,5,31,0,1,5,57,1778,0
2023,7,Ravens,Lions,23,15,7,1,55,503,10,9.1,357,12.8,0,146,27,5.4,1,1,0,0,38,6,4,8,1,1,21,28,0,0,5,6,4,45,1822,1
2023,7,Steelers,Rams,17,9,8,0,56,300,11,5.4,214,7.9,0,86,29,3.0,0,0,0,0,24,17,4,12,1,1,17,25,2,16,3,3,8,76,1694,1
2023,7,Rams,Steelers,19,8,8,3,62,354,10,5.7,219,7.1,1,135,31,4.4,1,0,1,0,17,24,9,16,0,0,14,29,2,12,1,1,5,40,1906,0
2023,7,Cardinals,Seahawks,15,7,6,2,63,249,11,4.0,122,3.2,0,127,25,5.1,0,0,0,0,10,20,5,15,0,3,20,34,4,28,0,1,7,59,1768,0
2023,7,Seahawks,Cardinals,18,11,6,1,58,318,10,5.5,203,7.8,1,115,32,3.6,3,2,1,0,20,10,7,13,0,0,18,24,2,16,1,3,5,32,1832,1
2023,7,Packers,Broncos,20,13,5,2,61,331,9,5.4,194,6.1,1,137,29,4.7,1,0,1,0,17,19,6,14,2,2,22,32,0,0,2,3,7,56,1897,0
2023,7,Broncos,Packers,18,9,6,3,55,339,9,6.2,194,6.5,0,145,25,5.8,0,0,0,0,19,17,5,12,0,1,20,29,1,0,1,4,8,60,1703,1
2023,7,Chargers,Chiefs,16,11,4,1,61,358,11,5.9,219,6.3,2,139,26,5.3,2,0,2,0,17,31,6,14,1,1,17,30,5,40,1,2,4,43,1700,0
2023,7,Chiefs,Chargers,25,21,3,1,64,483,11,7.5,415,9.7,1,68,21,3.2,2,1,1,0,31,17,6,11,0,0,32,42,1,9,3,4,6,43,1900,1
2023,7,Dolphins,Eagles,12,9,3,0,48,244,8,5.1,199,5.5,1,45,12,3.8,1,0,1,1,17,31,4,11,0,2,23,32,4,17,0,1,10,70,1397,0
2023,7,Eagles,Dolphins,26,11,12,3,68,355,10,5.2,256,7.5,1,99,34,2.9,2,1,1,0,31,17,4,12,4,4,23,31,3,23,4,6,0,0,2203,1
2023,7,49ers,Vikings,19,12,7,0,53,325,9,6.1,260,8.4,2,65,22,3.0,3,1,2,0,17,22,5,9,1,1,21,30,1,12,1,2,5,37,1504,0
2023,7,Vikings,49ers,24,18,3,3,66,452,9,6.8,378,8.4,1,74,21,3.5,1,0,1,0,22,17,8,13,0,0,35,45,0,0,0,2,5,35,2096,1
2023,8,Buccaneers,Bills,17,10,3,4,62,302,11,4.9,224,5.0,0,78,17,4.6,0,0,0,0,18,24,4,15,1,1,25,42,3,13,1,1,11,74,1683,0
2023,8,Bills,Buccaneers,25,16,8,1,68,427,11,6.3,312,7.4,1,115,26,4.4,1,0,1,0,24,18,7,13,0,1,31,40,2,12,2,4,9,86,1917,1
2023,8,Rams,Cowboys,15,8,5,2,58,280,11,4.8,188,5.5,1,92,24,3.8,1,0,1,0,20,43,4,13,1,2,18,32,2,16,1,2,4,25,1472,0
2023,8,Cowboys,Rams,24,16,6,2,63,387,11,6.1,285,7.7,1,102,26,3.9,1,0,1,1,43,20,6,12,1,1,27,34,3,22,2,4,4,21,2128,1
2023,8,Vikings,Packers,24,14,6,4,69,346,10,5.0,284,7.5,0,62,31,2.0,1,1,0,0,24,10,10,18,1,1,26,35,3,13,2,4,7,35,2182,1
2023,8,Packers,Vikings,16,14,1,1,62,270,10,4.4,196,4.4,1,74,17,4.4,1,0,1,0,10,24,5,14,1,4,24,41,4,33,1,4,11,99,1418,0
2023,8,Falcons,Titans,17,12,4,1,66,342,14,5.2,202,5.1,0,140,26,5.4,1,1,0,0,23,28,4,15,1,2,20,34,6,44,2,3,3,15,1621,0
2023,8,Titans,Falcons,17,7,9,1,67,375,14,5.6,226,7.3,0,149,36,4.1,1,1,0,0,28,23,5,15,1,1,19,29,2,12,1,1,6,53,1979,1
2023,8,Saints,Colts,24,12,10,2,66,511,12,7.7,350,11.7,0,161,36,4.5,1,1,0,0,38,27,6,12,0,0,20,29,1,4,3,4,8,73,1809,1
2023,8,Colts,Saints,19,10,6,3,67,371,12,5.5,207,4.8,1,164,24,6.8,1,0,1,0,27,38,7,16,1,1,23,41,2,6,2,3,6,30,1791,0
2023,8,Patriots,Dolphins,13,7,6,0,51,218,11,4.3,141,4.4,1,77,19,4.1,1,0,1,0,17,31,1,9,1,2,19,29,3,20,1,2,7,45,1445,0
2023,8,Dolphins,Patriots,24,17,5,2,73,390,11,5.3,312,6.6,1,78,26,3.0,2,1,1,0,31,17,5,14,3,3,30,45,2,12,2,4,3,25,2155,1
2023,8,Jets,Giants,12,8,2,2,62,251,17,4.0,193,4.8,0,58,22,2.6,2,2,0,0,13,10,2,15,0,1,17,36,4,47,0,2,9,85,1538,1
2023,8,Giants,Jets,12,0,7,5,70,194,17,2.8,-9,-0.5,0,203,52,3.9,0,0,0,0,10,13,2,19,0,0,6,14,4,16,1,3,6,73,2293,0
2023,8,Jaguars,Steelers,20,11,6,3,65,377,11,5.8,271,7.7,1,106,30,3.5,3,2,1,0,20,10,6,13,0,0,24,32,3,21,0,3,6,72,2056,1
2023,8,Steelers,Jaguars,17,12,4,1,64,261,12,4.1,191,4.2,2,70,18,3.9,2,0,2,0,10,20,3,12,0,2,25,43,3,20,0,1,6,52,1544,0
2023,8,Eagles,Washington,21,17,3,1,62,374,12,6.0,315,7.9,0,59,22,2.7,2,2,0,0,38,31,8,13,1,1,29,38,2,4,3,5,3,14,1711,1
2023,8,Washington,Eagles,26,20,5,1,69,472,11,6.8,388,7.3,1,84,16,5.3,1,0,1,0,31,38,7,12,0,3,39,52,1,9,2,2,7,79,1889,0
2023,8,Texans,Panthers,16,10,6,0,56,229,9,4.1,119,4.6,0,110,30,3.7,1,1,0,0,13,15,5,12,1,1,16,24,2,21,2,2,10,70,1771,0
2023,8,Panthers,Texans,20,11,3,6,61,224,10,3.7,180,4.9,0,44,24,1.8,0,0,0,0,15,13,5,14,1,2,22,31,6,55,1,4,3,20,1829,1
2023,8,Browns,Seahawks,23,10,9,4,75,385,12,5.1,230,6.6,2,155,40,3.9,3,1,2,0,20,24,6,15,0,1,16,32,3,27,2,4,4,25,2200,0
2023,8,Seahawks,Browns,17,12,5,0,55,362,12,6.6,248,6.5,2,114,17,6.7,2,0,2,0,24,20,4,12,1,1,23,37,1,6,3,5,7,43,1400,1
2023,8,Chiefs,Broncos,18,12,3,3,57,274,11,4.8,212,5.2,2,62,16,3.9,5,3,2,0,9,24,3,10,1,3,24,38,3,28,0,3,5,38,1573,0
2023,8,Broncos,Chiefs,19,7,10,2,65,240,11,3.7,87,3.5,0,153,40,3.8,1,1,0,0,24,9,6,14,0,1,12,19,6,27,3,5,6,35,2027,1
2023,8,Ravens,Cardinals,21,8,9,4,60,268,12,4.5,138,4.5,0,130,29,4.5,0,0,0,0,31,24,4,11,0,0,18,27,4,19,4,4,6,45,1779,1
2023,8,Cardinals,Ravens,22,12,7,3,71,310,13,4.4,181,4.6,2,129,32,4.0,2,0,2,0,24,31,5,12,0,2,25,37,2,27,3,3,6,70,1821,0
2023,8,Bengals,49ers,29,17,10,2,62,400,10,6.5,266,7.6,0,134,27,5.0,1,1,0,0,31,17,3,8,0,0,28,32,3,17,4,5,1,15,1883,1
2023,8,49ers,Bengals,24,15,8,1,56,460,11,8.2,347,10.5,2,113,23,4.9,3,1,2,0,17,31,5,9,0,0,22,31,2,18,2,4,5,54,1717,0
2023,8,Bears,Chargers,17,10,7,0,63,295,11,4.7,222,5.8,2,73,25,2.9,2,0,2,0,13,30,6,14,1,4,25,37,1,10,2,2,7,53,1712,0
2023,8,Chargers,Bears,20,18,1,1,65,352,10,5.4,298,7.5,0,54,25,2.2,1,1,0,0,30,13,7,13,0,1,31,40,0,0,2,2,2,15,1888,1
2023,8,Raiders,Lions,12,6,4,2,45,157,11,3.5,77,2.9,1,80,18,4.4,1,0,1,1,14,26,1,9,0,3,10,21,6,49,1,1,4,40,1227,0
2023,8,Lions,Raiders,29,17,10,2,81,486,12,6.0,264,6.9,1,222,43,5.2,3,2,1,0,26,14,6,14,1,1,26,37,1,8,1,5,5,55,2373,1
2023,9,Titans,Steelers,23,12,5,6,68,340,9,5.0,235,5.5,1,105,25,4.2,1,0,1,0,16,20,3,13,1,2,22,39,4,27,1,4,7,51,1869,0
2023,9,Steelers,Titans,22,9,10,3,60,326,9,5.4,160,5.3,0,166,30,5.5,0,0,0,0,20,16,6,12,0,0,19,30,0,0,2,4,10,80,1731,1
2023,9,Dolphins,Chiefs,20,11,6,3,58,292,11,5.0,175,4.7,0,117,21,5.6,1,1,0,0,14,21,3,12,0,1,21,34,3,18,1,1,6,45,1824,0
2023,9,Chiefs,Dolphins,16,11,4,1,56,267,11,4.8,174,5.4,0,93,24,3.9,1,1,0,1,21,14,3,10,0,0,20,30,2,11,2,2,9,69,1776,1
2023,9,Vikings,Falcons,23,13,8,2,73,363,13,5.0,217,5.4,0,146,33,4.4,2,2,0,0,31,28,7,16,1,1,25,36,4,19,3,6,1,4,1892,1
2023,9,Falcons,Vikings,18,12,6,0,67,370,13,5.5,260,6.7,1,110,28,3.9,2,1,1,0,28,31,10,18,0,0,21,38,1,8,1,2,8,62,1708,0
2023,9,Cardinals,Browns,7,3,3,1,48,58,14,1.2,17,0.6,2,41,21,2.0,3,1,2,0,0,27,1,12,0,1,11,20,7,41,0,0,4,40,1415,0
2023,9,Browns,Cardinals,17,9,7,1,71,326,14,4.6,213,6.9,0,113,40,2.8,0,0,0,0,27,0,6,17,1,2,19,30,1,6,3,4,6,65,2185,1
2023,9,Rams,Packers,10,6,3,1,55,187,11,3.4,119,4.1,1,68,26,2.6,2,1,1,0,3,20,5,14,0,2,13,28,1,11,0,0,5,36,1484,0
2023,9,Packers,Rams,21,10,10,1,68,391,12,5.8,207,6.9,0,184,38,4.8,2,2,0,0,20,3,7,14,1,1,20,26,4,21,1,4,8,57,2116,1
2023,9,Washington,Patriots,23,14,8,1,77,432,12,5.6,308,6.4,1,124,29,4.3,2,1,1,0,20,17,9,17,0,0,29,45,3,17,1,4,4,30,2230,1
2023,9,Patriots,Washington,18,13,4,1,63,327,12,5.2,220,5.0,1,107,19,5.6,1,0,1,0,17,20,3,12,1,2,24,44,0,0,1,1,4,30,1370,0
2023,9,Bears,Saints,20,13,7,0,64,368,11,5.8,212,6.6,3,156,32,4.9,5,2,3,0,17,24,6,12,1,1,18,30,2,8,2,4,8,71,1840,0
2023,9,Saints,Bears,18,11,6,1,62,301,12,4.9,214,6.1,0,87,27,3.2,0,0,0,0,24,17,7,14,0,1,26,35,0,0,3,5,1,5,1760,1
2023,9,Seahawks,Ravens,6,5,1,0,47,151,13,3.2,123,3.8,1,28,15,1.9,2,1,1,0,3,37,1,12,0,1,13,28,4,34,0,1,5,29,1196,0
2023,9,Ravens,Seahawks,29,11,16,2,75,515,12,6.9,217,6.4,0,298,41,7.3,2,2,0,0,37,3,6,13,1,2,26,33,1,8,3,6,3,11,2404,1
2023,9,Buccaneers,Texans,21,10,8,3,63,332,12,5.3,251,7.8,0,81,31,2.6,1,1,0,0,37,39,3,13,2,2,21,30,2,14,4,5,9,90,1880,0
2023,9,Texans,Buccaneers,26,22,2,2,62,496,12,8.0,443,9.8,0,53,17,3.1,1,1,0,0,39,37,3,11,1,1,30,42,3,27,3,4,9,115,1720,1
2023,9,Colts,Panthers,17,7,5,5,57,198,9,3.5,120,4.4,0,78,30,2.6,1,1,0,2,27,13,4,13,0,0,17,26,1,7,1,2,5,25,1731,1
2023,9,Panthers,Colts,17,7,10,0,71,275,12,3.9,137,3.2,3,138,28,4.9,3,0,3,0,13,27,7,16,2,3,24,39,4,36,1,2,10,81,1869,0
2023,9,Giants,Raiders,15,10,5,0,62,277,13,4.5,154,4.2,2,123,25,4.9,2,0,2,0,6,30,3,12,1,5,19,29,8,46,1,1,3,8,1864,0
2023,9,Raiders,Giants,15,9,6,0,59,334,12,5.7,209,8.4,0,125,34,3.7,0,0,0,0,30,6,5,14,0,1,16,25,0,0,3,4,4,30,1736,1
2023,9,Cowboys,Eagles,27,19,3,5,70,406,10,5.8,333,6.8,0,73,21,3.5,1,1,0,0,23,28,6,15,3,5,29,44,5,41,3,5,10,83,1782,0
2023,9,Eagles,Cowboys,20,10,7,3,59,292,9,4.9,183,7.0,0,109,33,3.3,0,0,0,0,28,23,7,14,2,2,17,23,3,24,3,3,10,98,1818,1
2023,9,Bills,Bengals,21,11,9,1,55,317,9,5.8,249,6.4,1,68,16,4.3,2,1,1,0,18,24,7,12,0,0,26,38,1,9,2,3,5,49,1402,0
2023,9,Bengals,Bills,23,17,5,1,67,397,9,5.9,343,7.6,0,54,22,2.5,0,0,0,0,24,18,8,15,1,2,31,44,1,5,2,3,6,49,2198,1
2023,9,Chargers,Jets,14,7,5,2,56,191,13,3.4,107,3.1,0,84,21,4.0,0,0,0,1,27,6,7,16,0,0,16,30,5,29,2,2,4,39,1533,1
2023,9,Jets,Chargers,17,12,2,3,77,270,13,3.5,206,3.6,0,64,20,3.2,3,3,0,0,6,27,3,17,3,4,33,49,8,57,0,2,8,40,2067,0
2023,10,Panthers,Bears,12,6,4,2,57,213,9,3.7,170,4.1,0,43,16,2.7,0,0,0,1,13,16,3,15,3,3,21,38,3,15,0,1,5,45,1589,0
2023,10,Bears,Panthers,21,10,10,1,70,295,11,4.2,162,4.9,0,133,37,3.6,0,0,0,0,16,13,6,15,1,1,20,33,0,0,1,2,7,44,2011,1
2023,10,Colts,Patriots,14,8,4,2,54,264,10,4.9,194,6.9,1,70,26,2.7,1,0,1,0,10,6,5,13,2,2,18,28,0,0,1,1,4,34,1535,1
2023,10,Patriots,Colts,21,9,11,1,68,340,10,5.0,173,5.4,2,167,36,4.6,2,0,2,0,6,10,6,14,1,1,18,27,5,22,0,4,5,34,2065,0
2023,10,Texans,Bengals,28,16,10,2,74,544,13,7.4,356,8.9,1,188,34,5.5,3,2,1,0,30,27,4,13,0,1,23,39,1,0,3,5,7,50,1890,1
2023,10,Bengals,Texans,20,11,5,4,60,380,13,6.3,314,7.1,2,66,16,4.1,2,0,2,0,27,30,6,14,1,1,27,40,4,33,1,3,4,63,1710,0
2023,10,Saints,Vikings,16,10,4,2,61,280,13,4.6,215,4.7,2,65,15,4.3,2,0,2,0,19,27,4,14,2,2,26,43,3,17,2,2,9,74,1614,0
2023,10,Vikings,Saints,23,12,8,3,68,388,12,5.7,263,7.5,0,125,33,3.8,0,0,0,0,27,19,6,15,0,0,23,34,1,5,2,3,5,35,1986,1
2023,10,Packers,Steelers,17,13,3,1,65,399,11,6.1,283,6.9,2,116,24,4.8,2,0,2,0,19,23,8,16,2,2,21,40,1,6,1,5,5,32,1767,0
2023,10,Steelers,Packers,21,6,12,3,60,324,10,5.4,119,5.0,0,205,36,5.7,0,0,0,0,23,19,4,13,1,1,14,23,1,7,2,3,3,27,1833,1
2023,10,Titans,Buccaneers,14,10,2,2,59,209,11,3.5,167,3.9,1,42,16,2.6,1,0,1,0,6,20,6,15,0,2,19,39,4,32,0,2,5,35,1700,0
2023,10,Buccaneers,Titans,19,12,4,3,61,340,11,5.6,263,8.2,1,77,29,2.7,1,0,1,0,20,6,7,15,0,0,18,29,3,15,0,2,7,50,1900,1
2023,10,49ers,Jaguars,20,11,8,1,60,437,11,7.3,293,9.8,0,144,30,4.8,0,0,0,0,34,3,4,12,1,2,20,28,2,9,1,4,7,90,1991,1
2023,10,Jaguars,49ers,12,7,2,3,54,221,10,4.1,162,4.4,2,59,17,3.5,4,2,2,0,3,34,4,12,0,1,18,32,5,28,0,2,5,39,1609,0
2023,10,Browns,Ravens,24,10,12,2,75,373,10,5.0,195,5.0,1,178,36,4.9,2,1,1,1,33,31,8,16,1,2,20,35,4,18,2,5,10,55,2055,1
2023,10,Ravens,Browns,17,9,3,5,50,306,10,6.1,200,7.7,2,106,24,4.4,2,0,2,1,31,33,2,8,0,0,13,23,3,23,1,2,7,64,1545,0
2023,10,Falcons,Cardinals,20,5,11,4,65,254,10,3.9,70,2.9,0,184,41,4.5,0,0,0,0,23,25,7,14,1,2,12,21,3,24,3,4,4,43,1902,0
2023,10,Cardinals,Falcons,20,11,8,1,60,352,10,5.9,230,6.8,1,122,26,4.7,1,0,1,0,25,23,3,11,1,1,19,32,2,19,2,4,11,112,1698,1
2023,10,Lions,Chargers,23,13,8,2,64,533,10,8.3,333,10.1,0,200,31,6.5,0,0,0,0,41,38,4,13,4,5,23,33,0,0,2,4,4,44,1834,1
2023,10,Chargers,Lions,24,16,5,3,68,421,9,6.2,323,8.1,1,98,28,3.5,1,0,1,0,38,41,7,14,3,3,27,40,0,0,3,3,3,36,1766,0
2023,10,Giants,Cowboys,16,5,7,4,55,172,13,3.1,61,1.9,1,111,23,4.8,1,0,1,0,17,49,0,12,2,3,14,27,5,25,2,4,2,5,1359,0
2023,10,Cowboys,Giants,32,19,12,1,77,640,13,8.3,472,10.7,2,168,33,5.1,2,0,2,0,49,17,6,12,1,2,33,44,0,0,6,7,9,83,2241,1
2023,10,Washington,Seahawks,16,13,3,0,61,356,11,5.8,288,6.1,0,68,14,4.9,1,1,0,0,26,29,7,15,1,1,29,44,3,24,1,1,6,39,1773,0
2023,10,Seahawks,Washington,27,16,7,4,74,489,12,6.6,369,7.7,0,120,26,4.6,0,0,0,0,29,26,4,14,1,1,31,47,1,0,1,2,8,50,1827,1
2023,10,Jets,Raiders,14,11,3,0,63,365,11,5.8,257,6.1,1,108,21,5.1,1,0,1,0,12,16,7,16,0,0,23,40,2,6,0,1,8,83,1782,0
2023,10,Raiders,Jets,15,7,7,1,62,274,11,4.4,126,4.2,1,148,32,4.6,2,1,1,0,16,12,5,15,2,2,16,27,3,27,1,1,3,25,1818,1
2023,10,Broncos,Bills,19,12,5,2,71,300,12,4.2,178,5.4,0,122,38,3.2,1,1,0,0,24,22,8,19,1,1,24,29,4,15,2,3,10,61,2241,1
2023,10,Bills,Broncos,18,6,12,0,52,369,11,7.1,177,6.8,2,192,26,7.4,4,2,2,0,22,24,3,8,0,1,15,26,0,0,2,2,5,63,1359,0
2023,11,Bengals,Ravens,20,10,6,4,59,272,11,4.6,136,3.8,0,136,23,5.9,0,0,0,0,20,34,2,11,1,1,19,31,5,33,2,3,9,78,1763,0
2023,11,Ravens,Bengals,22,9,10,3,60,405,11,6.8,248,8.6,0,157,31,5.1,0,0,0,0,34,20,6,12,0,0,16,26,3,16,3,4,9,110,1837,1
2023,11,Steelers,Browns,12,4,8,0,57,249,13,4.4,77,2.5,0,172,26,6.6,0,0,0,0,10,13,3,14,1,1,15,28,3,29,0,1,6,46,1713,0
2023,11,Browns,Steelers,20,10,7,3,73,259,12,3.5,163,3.7,1,96,29,3.3,1,0,1,0,13,10,4,17,1,1,24,43,1,2,1,3,1,10,1887,1
2023,11,Bears,Lions,25,10,11,4,71,334,11,4.7,151,6.0,0,183,46,4.0,1,1,0,0,26,31,5,13,2,2,16,23,2,18,1,2,6,69,2424,0
2023,11,Lions,Bears,23,14,8,1,59,338,11,5.7,223,6.0,3,115,22,5.2,4,1,3,0,31,26,8,11,0,0,23,35,2,13,3,3,5,25,1176,1
2023,11,Chargers,Packers,17,11,5,1,62,394,11,6.4,244,6.4,0,150,24,6.3,1,1,0,0,20,23,7,14,0,2,21,36,2,16,1,4,4,54,1682,0
2023,11,Packers,Chargers,23,16,5,2,71,397,11,5.6,295,6.9,0,102,28,3.6,0,0,0,0,23,20,7,14,0,1,27,40,3,27,1,2,7,46,1918,1
2023,11,Raiders,Dolphins,12,10,2,0,59,296,13,5.0,260,6.0,3,36,16,2.3,3,0,3,0,13,20,4,14,0,2,24,41,2,11,0,1,5,41,1665,0
2023,11,Dolphins,Raiders,21,12,7,2,68,422,14,6.2,323,8.1,1,99,28,3.5,3,2,1,0,20,13,3,11,0,1,28,39,1,2,1,2,5,44,1935,1
2023,11,Giants,Washington,13,10,3,0,54,292,12,5.4,201,5.7,0,91,19,4.8,0,0,0,1,31,19,5,14,0,1,18,26,9,45,1,2,5,33,1509,1
2023,11,Washington,Giants,28,12,13,3,77,404,14,5.2,230,4.7,3,174,28,6.2,6,3,3,0,19,31,5,13,1,1,31,45,4,26,2,3,1,5,2091,0
2023,11,Cowboys,Panthers,23,11,7,5,68,311,9,4.6,204,5.0,0,107,27,4.0,0,0,0,1,33,10,7,16,0,0,27,41,0,0,2,4,5,45,1881,1
2023,11,Panthers,Cowboys,13,7,6,0,59,187,10,3.2,77,2.1,1,110,23,4.8,2,1,1,0,10,33,5,15,3,3,16,29,7,46,1,2,8,90,1719,0
2023,11,Titans,Jaguars,12,6,4,2,38,235,9,6.2,143,7.5,0,92,19,4.8,2,2,0,0,14,34,2,7,1,1,13,17,2,15,1,1,7,66,1414,0
2023,11,Jaguars,Titans,24,13,8,3,69,389,9,5.6,261,7.9,0,128,36,3.6,0,0,0,0,34,14,4,12,3,4,24,32,1,1,3,5,4,29,2186,1
2023,11,Cardinals,Texans,20,11,7,2,58,319,10,5.5,196,5.9,1,123,25,4.9,2,1,1,0,16,21,3,10,1,4,20,30,3,18,1,1,5,50,1725,0
2023,11,Texans,Cardinals,22,18,4,0,67,419,11,6.3,308,7.3,3,111,25,4.4,3,0,3,0,21,16,9,13,0,1,28,38,4,30,1,4,3,19,1875,1
2023,11,Buccaneers,49ers,22,14,7,1,67,287,10,4.3,221,4.5,1,66,18,3.7,2,1,1,0,14,27,7,14,1,3,29,45,4,25,2,4,3,19,1749,0
2023,11,49ers,Buccaneers,22,14,7,1,59,420,10,7.1,305,10.5,0,115,30,3.8,0,0,0,0,27,14,4,10,0,1,21,25,4,28,2,4,7,66,1851,1
2023,11,Jets,Bills,14,8,3,3,54,155,11,2.9,92,2.6,2,63,18,3.5,4,2,2,0,6,32,0,11,4,5,15,30,6,40,1,1,5,35,1389,0
2023,11,Bills,Jets,22,10,9,3,71,393,12,5.5,263,8.0,1,130,38,3.4,1,0,1,0,32,6,5,13,1,1,20,32,1,12,1,4,8,77,2211,1
2023,11,Seahawks,Rams,16,12,3,1,63,291,11,4.6,223,5.3,1,68,21,3.2,1,0,1,0,16,17,5,15,2,2,24,40,2,13,1,2,12,130,1926,0
2023,11,Rams,Seahawks,20,9,6,5,59,267,11,4.5,185,5.8,1,82,27,3.0,1,0,1,0,17,16,2,9,0,1,17,31,1,5,2,4,9,92,1674,1
2023,11,Vikings,Broncos,19,9,9,1,70,385,10,5.5,210,6.2,1,175,36,4.9,3,2,1,0,20,21,6,15,3,4,20,32,2,11,2,4,6,55,2098,0
2023,11,Broncos,Vikings,13,11,2,0,52,295,11,5.7,249,6.7,0,46,15,3.1,0,0,0,0,21,20,2,12,1,1,27,35,2,10,1,5,4,48,1502,1
2023,11,Eagles,Chiefs,16,5,10,1,54,238,12,4.4,124,4.6,1,114,27,4.2,1,0,1,0,21,17,3,11,0,0,14,22,5,26,3,3,7,61,1679,1
2023,11,Chiefs,Eagles,23,10,10,3,74,336,12,4.5,168,3.8,1,168,30,5.6,2,1,1,0,17,21,8,17,2,3,24,43,1,9,2,4,7,55,1921,0
2023,12,Packers,Lions,17,13,4,0,54,377,11,7.0,268,8.4,0,109,22,5.0,0,0,0,1,29,22,5,11,0,1,22,32,0,0,3,4,7,60,1684,1
2023,12,Lions,Packers,25,17,6,2,78,464,11,5.9,324,6.9,0,140,31,4.5,3,3,0,0,22,29,7,15,1,5,29,44,3,8,3,4,7,51,1916,0
2023,12,Washington,Cowboys,23,15,7,1,75,376,11,5.0,268,5.6,1,108,27,4.0,1,0,1,0,10,45,7,15,0,3,28,44,4,32,1,2,4,25,2214,0
2023,12,Cowboys,Washington,21,15,5,1,50,431,9,8.6,331,10.3,0,100,18,5.6,0,0,0,1,45,10,6,10,0,0,22,32,0,0,3,3,7,48,1386,1
2023,12,49ers,Seahawks,23,10,12,1,65,377,12,5.8,208,6.5,1,169,33,5.1,1,0,1,0,31,13,5,11,0,0,21,31,1,1,3,4,3,20,2130,1
2023,12,Seahawks,49ers,14,6,8,0,54,220,10,4.1,132,4.0,1,88,21,4.2,2,1,1,1,13,31,3,11,0,1,18,27,6,48,0,1,5,39,1470,0
2023,12,Dolphins,Jets,22,14,6,2,69,395,11,5.7,228,7.1,2,167,37,4.5,3,1,2,1,34,13,11,16,0,1,21,30,2,15,2,3,6,38,2141,1
2023,12,Jets,Dolphins,12,9,2,1,55,159,10,2.9,130,2.9,2,29,10,2.9,2,0,2,1,13,34,5,14,2,3,27,38,7,49,1,2,6,60,1459,0
2023,12,Saints,Falcons,22,13,6,3,67,444,10,6.6,296,7.6,1,148,28,5.3,2,1,1,0,15,24,6,14,0,0,24,38,1,8,0,5,6,50,1894,0
2023,12,Falcons,Saints,25,9,15,1,62,396,9,6.4,168,8.0,2,228,41,5.6,2,0,2,1,24,15,4,8,0,1,13,21,0,0,1,2,5,35,1706,1
2023,12,Steelers,Bengals,22,15,6,1,68,421,10,6.2,268,7.7,0,153,33,4.6,1,1,0,0,16,10,8,17,0,0,24,33,2,10,1,4,5,55,2237,1
2023,12,Bengals,Steelers,10,9,0,1,41,222,10,5.4,197,6.6,1,25,11,2.3,1,0,1,0,10,16,2,10,0,0,19,26,4,30,1,2,5,36,1363,0
2023,12,Panthers,Titans,19,7,8,4,67,258,10,3.9,162,4.6,0,96,32,3.0,1,1,0,0,10,17,6,16,2,3,18,31,4,32,1,1,4,35,2029,0
2023,12,Titans,Panthers,15,9,6,0,53,264,11,5.0,184,6.3,0,80,24,3.3,0,0,0,0,17,10,2,11,1,1,18,28,1,1,2,2,8,53,1571,1
2023,12,Buccaneers,Colts,17,9,6,2,56,298,10,5.3,173,4.7,1,125,19,6.6,2,1,1,0,20,27,5,13,1,1,20,31,6,26,1,3,4,24,1719,0
2023,12,Colts,Buccaneers,26,13,12,1,70,394,11,5.6,239,5.6,1,155,27,5.7,1,0,1,0,27,20,2,11,3,4,24,41,2,12,3,5,5,40,1881,1
2023,12,Patriots,Giants,18,8,10,0,68,283,12,4.2,136,3.7,3,147,31,4.7,3,0,3,0,7,10,4,14,2,2,21,35,2,7,1,2,2,13,2046,0
2023,12,Giants,Patriots,10,7,3,0,50,220,12,4.4,162,5.2,0,58,19,3.1,1,1,0,0,10,7,4,13,0,0,17,25,6,29,1,2,4,37,1554,1
2023,12,Jaguars,Texans,22,13,5,4,68,445,11,6.5,364,9.6,1,81,30,2.7,1,0,1,0,24,21,7,13,0,0,23,38,0,0,2,3,6,35,2034,1
2023,12,Texans,Jaguars,19,12,6,1,58,352,10,6.1,261,6.5,0,91,18,5.1,0,0,0,0,21,24,6,13,0,1,26,36,4,43,3,3,7,49,1566,0
2023,12,Browns,Broncos,19,10,6,3,70,269,12,3.8,162,3.5,0,107,24,4.5,3,3,0,0,12,29,2,13,2,5,20,42,4,28,1,3,8,66,1632,0
2023,12,Broncos,Browns,17,5,10,2,62,294,12,4.7,125,5.4,0,169,39,4.3,1,1,0,0,29,12,6,14,0,1,13,22,1,9,3,5,8,71,1968,1
2023,12,Rams,Cardinals,25,16,9,0,66,457,10,6.9,229,6.9,1,228,33,6.9,1,0,1,0,37,14,6,12,2,2,25,33,0,0,4,5,5,23,2092,1
2023,12,Cardinals,Rams,19,11,5,3,64,292,11,4.6,219,4.5,0,73,15,4.9,0,0,0,0,14,37,6,17,2,3,27,45,4,37,2,2,5,34,1508,0
2023,12,Chiefs,Raiders,23,17,6,0,58,360,10,6.2,291,8.3,0,69,23,3.0,0,0,0,0,31,17,5,11,0,0,27,34,1,7,3,4,4,40,1845,1
2023,12,Raiders,Chiefs,16,12,4,0,58,358,10,6.2,235,6.7,0,123,23,5.3,0,0,0,0,17,31,7,14,0,2,23,34,1,13,1,3,0,0,1755,0
2023,12,Bills,Eagles,29,15,13,1,92,505,14,5.5,332,6.4,1,173,40,4.3,1,0,1,0,34,37,13,22,1,1,29,51,1,7,4,5,11,80,2430,0
2023,12,Eagles,Bills,24,12,9,3,65,378,14,5.8,193,5.8,1,185,32,5.8,2,1,1,0,37,34,4,11,0,0,18,31,2,7,4,4,4,30,1613,1
2023,12,Ravens,Chargers,20,9,10,1,69,361,11,5.2,164,4.8,0,197,35,5.6,0,0,0,0,20,10,4,13,1,3,18,32,2,13,1,2,5,42,2003,1
2023,12,Chargers,Ravens,16,11,5,0,66,279,11,4.2,193,4.1,1,86,19,4.5,4,3,1,0,10,20,7,15,1,3,29,44,3,24,1,3,5,41,1597,0
2023,12,Bears,Vikings,18,12,6,0,68,317,10,4.7,199,5.0,0,118,28,4.2,2,2,0,0,12,10,8,18,1,1,27,37,3,18,0,2,7,76,2150,1
2023,12,Vikings,Bears,15,8,3,4,51,242,11,4.7,169,5.0,4,73,17,4.3,4,0,4,0,10,12,2,9,0,2,22,32,2,16,1,2,4,24,1450,0
2023,13,Seahawks,Cowboys,25,16,4,5,64,406,10,6.3,334,8.0,1,72,22,3.3,1,0,1,0,35,41,9,14,0,3,23,41,1,0,4,5,10,130,1413,0
2023,13,Cowboys,Seahawks,33,19,8,6,79,411,11,5.2,275,6.1,0,136,34,4.0,0,0,0,0,41,35,8,14,1,2,29,41,4,24,4,8,9,127,2187,1
2023,13,Colts,Titans,19,10,5,4,68,355,13,5.2,300,6.7,0,55,23,2.4,2,2,0,1,31,28,3,14,1,1,26,42,3,12,1,5,4,29,1743,1
2023,13,Titans,Colts,25,12,12,1,81,381,15,4.7,204,5.2,0,177,42,4.2,2,2,0,0,28,31,6,17,0,1,16,33,6,20,2,3,9,74,2306,0
2023,13,Chargers,Patriots,13,8,5,0,61,241,11,4.0,212,5.7,0,29,24,1.2,0,0,0,0,6,0,5,15,0,0,22,37,0,0,0,0,4,20,1730,1
2023,13,Patriots,Chargers,13,5,7,1,62,257,11,4.1,109,3.6,0,148,32,4.6,1,1,0,0,0,6,4,14,1,3,13,25,5,32,0,0,3,14,1870,0
2023,13,Lions,Saints,18,9,7,2,56,347,12,6.2,205,7.9,0,142,30,4.7,0,0,0,0,33,28,6,13,0,0,16,25,1,8,3,5,6,45,1670,1
2023,13,Saints,Lions,23,12,10,1,67,362,12,5.4,249,8.0,1,113,36,3.1,2,1,1,0,28,33,6,12,0,1,19,29,2,18,4,4,6,50,1930,0
2023,13,Falcons,Jets,15,9,3,3,64,194,14,3.0,104,3.5,0,90,34,2.6,0,0,0,0,13,8,4,14,0,0,12,27,3,17,0,1,6,55,1774,1
2023,13,Jets,Falcons,14,9,3,2,67,259,13,3.9,197,4.7,1,62,25,2.5,3,2,1,0,8,13,2,15,2,3,19,38,4,17,0,1,11,71,1826,0
2023,13,Cardinals,Steelers,18,7,8,3,63,282,10,4.5,132,5.3,0,150,38,3.9,0,0,0,0,24,10,10,17,0,0,13,23,2,13,3,3,6,51,1757,1
2023,13,Steelers,Cardinals,18,13,4,1,58,317,10,5.5,187,6.9,0,130,31,4.2,1,1,0,0,10,24,4,11,0,1,18,27,0,0,1,3,9,77,1843,0
2023,13,Dolphins,Washington,20,10,9,1,59,406,9,6.9,283,11.3,0,123,34,3.6,0,0,0,1,45,15,7,13,2,2,19,25,0,0,3,3,2,15,1936,1
2023,13,Washington,Dolphins,11,5,6,0,54,245,11,4.5,107,4.1,1,138,28,4.9,1,0,1,0,15,45,6,14,1,1,12,23,3,20,2,2,3,31,1664,0
2023,13,Broncos,Texans,16,5,9,2,59,282,13,4.8,164,5.7,3,118,30,3.9,3,0,3,0,17,22,0,11,3,3,15,26,3,22,1,3,2,8,1616,0
2023,13,Texans,Broncos,14,8,5,1,63,353,13,5.6,264,8.0,0,89,30,3.0,0,0,0,0,22,17,4,16,1,1,17,28,5,28,2,3,8,81,1984,1
2023,13,Panthers,Buccaneers,15,7,7,1,69,282,13,4.1,149,4.3,1,133,34,3.9,1,0,1,0,18,21,3,15,1,3,15,31,4,29,2,3,7,62,2022,0
2023,13,Buccaneers,Panthers,15,7,6,2,58,322,13,5.6,194,6.5,1,128,28,4.6,1,0,1,0,21,18,6,15,0,0,14,29,1,8,2,3,5,36,1578,1
2023,13,Browns,Rams,20,10,9,1,69,327,12,4.7,240,5.2,1,87,23,3.8,1,0,1,0,19,36,7,16,0,2,23,44,2,14,1,2,7,86,2043,0
2023,13,Rams,Browns,20,10,6,4,62,399,13,6.4,279,7.5,0,120,25,4.8,0,0,0,0,36,19,4,12,0,0,22,37,0,0,3,4,7,45,1557,1
2023,13,49ers,Eagles,24,12,12,0,57,456,9,8.0,310,10.7,0,146,28,5.2,0,0,0,0,42,19,8,11,1,1,19,27,2,4,4,4,5,47,1701,1
2023,13,Eagles,49ers,23,19,2,2,69,333,9,4.8,287,5.6,0,46,18,2.6,0,0,0,0,19,42,8,15,1,2,28,48,3,27,2,4,7,47,1899,0
2023,13,Chiefs,Packers,25,13,10,2,61,337,8,5.5,189,5.3,1,148,25,5.9,1,0,1,0,19,27,7,11,0,1,21,33,3,21,2,4,5,50,1768,0
2023,13,Packers,Chiefs,24,15,9,0,63,382,7,6.1,253,6.7,0,129,25,5.2,0,0,0,0,27,19,5,10,1,1,25,36,2,14,3,4,7,63,1832,1
2023,13,Bengals,Jaguars,27,17,8,2,72,491,12,6.8,335,8.2,1,156,31,5.0,1,0,1,0,34,31,8,14,1,2,33,39,2,12,3,3,6,35,2043,1
2023,13,Jaguars,Bengals,23,13,9,1,68,376,11,5.5,305,7.1,0,71,25,2.8,0,0,0,0,31,34,6,15,2,2,31,39,4,16,3,3,7,55,2052,0
2023,14,Patriots,Steelers,14,11,3,0,55,303,13,5.5,222,7.4,1,81,25,3.2,1,0,1,0,21,18,4,13,0,0,19,28,2,18,2,2,7,59,1661,1
2023,14,Steelers,Patriots,18,10,5,3,66,264,14,4.0,182,4.8,1,82,28,2.9,1,0,1,0,18,21,3,14,1,3,22,36,2,8,1,2,1,5,1939,0
2023,14,Buccaneers,Falcons,16,8,7,1,67,290,12,4.3,142,4.7,0,148,37,4.0,0,0,0,0,29,25,6,16,1,2,14,29,1,2,2,2,4,26,1900,1
2023,14,Falcons,Buccaneers,23,15,6,2,69,434,13,6.3,338,7.9,1,96,26,3.7,1,0,1,0,25,29,5,13,1,1,26,40,3,9,2,3,2,10,1700,0
2023,14,Lions,Bears,13,7,6,0,63,267,11,4.2,127,3.3,2,140,24,5.8,3,1,2,0,13,28,6,15,1,5,20,35,4,34,2,2,8,59,1601,0
2023,14,Bears,Lions,20,10,7,3,66,336,12,5.1,194,5.4,0,142,30,4.7,0,0,0,0,28,13,6,14,1,2,19,33,3,29,2,5,4,35,1999,1
2023,14,Colts,Bengals,19,14,4,1,60,272,10,4.5,226,5.4,1,46,18,2.6,2,1,1,1,14,34,3,11,1,2,26,39,3,14,1,3,9,66,1688,0
2023,14,Bengals,Colts,19,11,5,3,57,385,11,6.8,274,11.0,1,111,32,3.5,1,0,1,0,34,14,3,11,1,1,19,25,0,0,3,5,5,40,1912,1
2023,14,Jaguars,Browns,20,16,2,2,74,293,17,4.0,235,4.4,3,58,20,2.9,4,1,3,0,27,31,7,17,0,1,28,50,4,22,4,4,7,40,1691,0
2023,14,Browns,Jaguars,16,11,5,0,74,389,17,5.3,307,6.7,1,82,28,2.9,3,2,1,0,31,27,4,18,3,3,26,45,1,4,1,1,8,75,1909,1
2023,14,Panthers,Saints,16,4,11,1,79,303,12,3.8,99,2.5,0,204,39,5.2,2,2,0,0,6,28,8,20,1,7,13,36,4,38,0,2,4,27,2090,0
2023,14,Saints,Panthers,14,8,5,1,52,207,11,4.0,110,4.1,1,97,25,3.9,1,0,1,1,28,6,3,10,0,0,18,26,1,9,3,4,3,30,1510,1
2023,14,Texans,Jets,10,4,4,2,52,135,13,2.6,54,1.6,0,81,19,4.3,0,0,0,0,6,30,1,12,0,3,11,28,5,41,1,1,4,35,1375,0
2023,14,Jets,Texans,20,15,4,1,66,347,13,5.3,268,6.7,0,79,26,3.0,1,1,0,0,30,6,6,15,1,1,27,36,4,33,3,3,8,52,2225,1
2023,14,Rams,Ravens,24,14,5,5,73,410,13,5.6,282,6.6,0,128,30,4.3,0,0,0,0,31,37,6,16,0,0,23,41,2,12,3,5,5,34,2075,0
2023,14,Ravens,Rams,23,17,6,0,71,449,13,6.3,310,6.9,1,139,26,5.3,1,0,1,1,37,31,4,12,0,0,24,43,2,6,1,3,7,79,1663,1
2023,14,Vikings,Raiders,16,9,6,1,71,231,11,3.3,99,2.4,0,132,30,4.4,0,0,0,0,3,0,8,20,1,1,19,36,5,47,0,1,5,36,1931,1
2023,14,Raiders,Vikings,8,5,3,0,53,202,12,3.8,146,4.1,1,56,17,3.3,3,2,1,0,0,3,3,14,2,2,21,32,4,25,0,1,4,37,1669,0
2023,14,Seahawks,49ers,17,11,4,2,55,324,12,5.9,254,7.3,2,70,20,3.5,2,0,2,0,16,28,2,11,0,1,22,31,4,15,0,1,5,39,1845,0
2023,14,49ers,Seahawks,19,12,7,0,53,527,12,9.9,354,11.8,1,173,23,7.5,2,1,1,0,28,16,6,11,0,0,19,27,3,14,2,2,5,30,1755,1
2023,14,Bills,Chiefs,21,12,8,1,73,327,11,4.5,209,4.6,1,118,28,4.2,1,0,1,0,20,17,6,15,1,1,23,42,3,24,1,2,4,35,2121,1
2023,14,Chiefs,Bills,21,14,6,1,62,346,10,5.6,264,6.0,1,82,18,4.6,2,1,1,0,17,20,6,12,0,1,25,43,1,7,2,3,7,45,1479,0
2023,14,Broncos,Chargers,19,9,9,1,66,322,13,4.9,216,6.2,1,106,31,3.4,1,0,1,0,24,7,8,17,0,0,21,33,2,8,2,4,4,26,2009,1
2023,14,Chargers,Broncos,17,13,3,1,67,283,13,4.2,207,4.3,1,76,19,4.0,2,1,1,0,7,24,0,12,1,6,22,42,6,68,1,2,2,10,1591,0
2023,14,Eagles,Cowboys,17,10,6,1,52,324,9,6.2,218,7.5,0,106,23,4.6,3,3,0,1,13,33,4,9,1,2,19,28,1,7,0,1,10,95,1404,0
2023,14,Cowboys,Eagles,24,13,7,4,74,394,9,5.3,256,6.1,0,138,32,4.3,1,1,0,0,33,13,9,16,1,1,24,39,3,15,3,3,7,60,2196,1
2023,14,Titans,Dolphins,22,16,5,1,68,403,13,5.9,320,8.2,1,83,29,2.9,3,2,1,0,28,27,5,13,0,0,23,38,1,7,3,5,9,59,1656,1
2023,14,Dolphins,Titans,20,9,10,1,69,366,12,5.3,208,5.5,0,158,31,5.1,1,1,0,1,27,28,4,13,0,1,23,33,5,32,2,5,7,61,1944,0
2023,14,Packers,Giants,19,12,6,1,66,326,11,4.9,203,5.0,1,123,25,4.9,3,2,1,0,22,24,5,14,1,1,25,39,2,15,2,5,4,39,1866,0
2023,14,Giants,Packers,18,8,9,1,55,367,12,6.7,158,7.5,0,209,34,6.1,2,2,0,0,24,22,3,10,0,1,17,21,0,0,3,4,5,47,1734,1
2023,15,Chargers,Raiders,18,13,4,1,63,326,15,5.2,234,6.7,1,92,28,3.3,5,4,1,0,21,63,6,12,0,1,23,32,3,23,2,2,6,65,1809,0
2023,15,Raiders,Chargers,20,13,6,1,63,378,13,6.0,254,6.9,0,124,26,4.8,0,0,0,2,63,21,9,16,0,0,22,36,1,6,3,3,4,30,1791,1
2023,15,Vikings,Bengals,24,16,8,0,67,424,10,6.3,281,7.6,2,143,30,4.8,2,0,2,0,24,27,5,12,0,1,26,34,3,22,2,5,4,22,2021,0
2023,15,Bengals,Vikings,22,17,5,0,69,378,12,5.5,298,6.3,1,80,22,3.6,1,0,1,0,27,24,6,13,1,1,29,42,5,26,2,4,3,26,1988,1
2023,15,Steelers,Colts,13,9,3,1,54,216,12,4.0,142,4.7,2,74,24,3.1,3,1,2,0,13,30,4,12,2,3,18,26,4,30,2,2,8,101,1600,0
2023,15,Colts,Steelers,19,8,9,2,65,372,11,5.7,202,6.5,0,170,34,5.0,0,0,0,0,30,13,6,15,1,2,18,28,3,13,3,6,2,10,2000,1
2023,15,Broncos,Lions,20,12,7,1,62,287,11,4.6,204,6.0,0,83,28,3.0,1,1,0,0,17,42,5,13,2,2,18,32,2,19,2,3,4,40,1722,0
2023,15,Lions,Broncos,29,18,10,1,64,448,10,7.0,263,7.3,0,185,28,6.6,0,0,0,0,42,17,5,10,1,1,24,34,2,15,6,6,2,54,1878,1
2023,15,Bears,Browns,12,6,5,1,70,236,15,3.4,148,3.4,2,88,27,3.3,3,1,2,1,17,20,4,18,0,2,19,40,3,18,1,1,4,19,1740,0
2023,15,Browns,Bears,14,13,1,0,67,377,16,5.6,348,7.1,3,29,18,1.6,3,0,3,0,20,17,4,16,1,1,29,45,4,31,1,3,9,48,1860,1
2023,15,Buccaneers,Packers,22,18,3,1,60,452,9,7.5,353,10.7,0,99,27,3.7,1,1,0,0,34,20,7,11,1,1,22,28,5,28,2,4,4,52,1747,1
2023,15,Packers,Buccaneers,18,13,4,1,58,321,9,5.5,261,6.4,0,60,17,3.5,1,1,0,0,20,34,6,12,0,2,29,39,2,23,2,5,4,31,1853,0
2023,15,Texans,Titans,21,12,5,4,72,340,13,4.7,192,4.8,1,148,32,4.6,1,0,1,0,19,16,4,15,1,1,23,36,4,37,1,3,8,67,2192,1
2023,15,Titans,Texans,14,8,6,0,63,204,11,3.2,138,4.2,1,66,30,2.2,1,0,1,1,16,19,5,15,1,1,17,26,7,61,1,2,5,50,2008,0
2023,15,Jets,Dolphins,11,9,0,2,55,103,11,1.9,80,1.9,2,23,12,1.9,4,2,2,0,0,30,5,13,0,2,18,37,6,56,0,0,7,55,1419,0
2023,15,Dolphins,Jets,16,9,5,2,57,290,10,5.1,213,7.3,0,77,28,2.8,0,0,0,0,30,0,6,15,2,2,23,26,3,15,2,5,9,65,2181,1
2023,15,Chiefs,Patriots,19,15,2,2,61,326,13,5.3,283,6.9,2,43,20,2.2,2,0,2,0,27,17,5,13,0,1,28,38,3,26,3,5,2,15,1874,1
2023,15,Patriots,Chiefs,10,9,1,0,51,206,14,4.0,154,4.4,1,52,16,3.3,1,0,1,0,17,27,2,12,1,2,23,31,4,26,2,4,5,45,1726,0
2023,15,Giants,Saints,12,7,3,2,61,193,9,3.2,133,3.0,0,60,16,3.8,0,0,0,0,6,24,2,16,3,5,22,38,7,57,0,0,5,32,1593,0
2023,15,Saints,Giants,20,11,7,2,58,296,9,5.1,209,7.0,0,87,28,3.1,0,0,0,0,24,6,6,12,0,0,23,29,1,9,2,2,6,58,2007,1
2023,15,Falcons,Panthers,12,8,3,1,51,204,10,4.0,152,7.6,1,52,31,1.7,2,1,1,0,7,9,6,13,0,1,12,20,0,0,1,2,4,25,1564,0
2023,15,Panthers,Falcons,17,7,8,2,63,283,10,4.5,154,5.7,0,129,36,3.6,0,0,0,0,9,7,5,15,0,2,18,24,3,13,0,3,4,35,2036,1
2023,15,Washington,Rams,14,9,3,2,58,297,12,5.1,218,5.9,1,79,21,3.8,1,0,1,0,20,28,3,14,3,5,19,36,1,8,2,3,3,28,1447,0
2023,15,Rams,Washington,23,10,12,1,73,445,12,6.1,249,6.9,0,196,37,5.3,2,2,0,0,28,20,9,16,0,0,25,33,3,9,1,3,5,36,2153,1
2023,15,49ers,Cardinals,24,12,9,3,54,406,10,7.5,262,9.4,0,144,26,5.5,0,0,0,1,45,29,4,7,0,0,18,28,0,0,4,4,1,5,1549,1
2023,15,Cardinals,49ers,22,11,11,0,72,436,10,6.1,202,4.8,2,234,30,7.8,2,0,2,0,29,45,7,16,3,4,26,39,3,9,2,3,4,28,2051,0
2023,15,Cowboys,Bills,14,6,7,1,57,195,8,3.4,106,2.9,1,89,20,4.5,1,0,1,0,10,31,5,13,1,2,21,34,3,28,1,2,5,48,1495,0
2023,15,Bills,Cowboys,28,5,20,3,65,351,9,5.4,85,5.3,0,266,49,5.4,0,0,0,0,31,10,5,9,0,0,7,15,1,9,3,4,1,15,2105,1
2023,15,Ravens,Jaguars,25,9,14,2,69,396,10,5.7,145,5.4,1,251,42,6.0,1,0,1,0,23,7,5,12,1,1,14,24,3,26,2,5,6,54,2059,1
2023,15,Jaguars,Ravens,16,9,6,1,61,333,10,5.5,258,5.9,0,75,17,4.4,2,2,0,0,7,23,3,13,2,3,25,43,1,6,0,3,6,47,1541,0
2023,15,Eagles,Seahawks,23,9,13,1,69,321,10,4.7,143,4.6,2,178,38,4.7,2,0,2,0,17,20,9,16,1,1,17,31,0,0,2,3,5,40,1978,0
2023,15,Seahawks,Eagles,16,7,7,2,59,297,10,5.0,197,5.6,0,100,24,4.2,0,0,0,0,20,17,6,14,0,0,22,33,2,11,0,2,5,35,1622,1
2023,16,Saints,Rams,18,16,2,0,58,339,10,5.8,304,7.2,1,35,16,2.2,1,0,1,0,22,30,5,11,0,3,27,40,2,15,1,1,3,20,1542,0
2023,16,Rams,Saints,23,18,4,1,67,458,10,6.8,325,9.3,0,133,32,4.2,0,0,0,0,30,22,4,12,1,1,24,34,1,3,3,6,3,25,2058,1
2023,16,Bengals,Steelers,17,13,3,1,61,368,11,6.0,309,6.9,3,59,16,3.7,3,0,3,0,11,34,6,13,0,2,28,42,3,26,0,3,3,20,1909,0
2023,16,Steelers,Bengals,16,7,9,0,58,397,11,6.8,284,10.1,0,113,30,3.8,0,0,0,0,34,11,7,14,0,0,17,27,1,6,2,3,2,15,1691,1
2023,16,Bills,Chargers,16,11,5,0,52,335,10,6.4,230,10.5,1,105,30,3.5,3,2,1,0,24,22,5,10,0,0,15,21,1,7,2,3,7,64,1616,1
2023,16,Chargers,Bills,18,10,6,2,65,273,12,4.2,175,4.6,0,98,27,3.6,0,0,0,0,22,24,4,14,0,0,23,33,5,40,1,3,6,29,1984,0
2023,16,Colts,Falcons,20,14,4,2,68,262,11,3.9,170,4.0,1,92,25,3.7,1,0,1,0,10,29,5,14,1,3,20,37,6,31,1,2,4,29,1836,0
2023,16,Falcons,Colts,23,14,8,1,64,406,10,6.3,229,6.7,0,177,30,5.9,0,0,0,0,29,10,5,13,1,1,23,33,1,0,0,3,4,35,1764,1
2023,16,Seahawks,Titans,21,14,3,4,59,273,7,4.6,215,5.5,0,58,20,2.9,0,0,0,0,20,17,7,13,0,0,25,36,3,12,2,4,6,47,1569,1
2023,16,Titans,Seahawks,23,10,10,3,64,287,8,4.5,125,3.8,0,162,31,5.2,0,0,0,0,17,20,6,12,1,1,19,27,6,39,2,3,10,97,2031,0
2023,16,Lions,Vikings,28,16,9,3,77,389,11,5.1,246,6.0,0,143,36,4.0,1,1,0,0,30,24,6,12,2,2,30,40,1,11,4,5,9,52,2302,1
2023,16,Vikings,Lions,19,15,1,3,51,390,10,7.6,373,9.3,4,17,11,1.5,4,0,4,0,24,30,3,9,0,1,22,36,4,38,2,3,8,64,1298,0
2023,16,Washington,Jets,18,7,7,4,58,245,15,4.2,143,4.0,2,102,22,4.6,3,1,2,0,28,30,3,12,1,1,16,35,1,13,4,4,8,68,1424,0
2023,16,Jets,Washington,26,12,11,3,85,381,16,4.5,217,4.4,1,164,36,4.6,2,1,1,0,30,28,4,16,1,2,27,49,0,0,2,5,14,150,2176,1
2023,16,Packers,Panthers,25,12,10,3,63,369,10,5.9,207,7.1,0,162,34,4.8,0,0,0,0,33,30,8,14,0,0,17,28,1,12,3,4,6,67,1719,1
2023,16,Panthers,Packers,26,14,8,4,63,394,10,6.3,298,7.8,0,96,25,3.8,0,0,0,0,30,33,6,13,1,2,23,36,2,14,3,3,8,87,1881,0
2023,16,Browns,Texans,26,19,4,3,75,418,13,5.6,364,8.1,2,54,30,1.8,2,0,2,0,36,22,6,16,4,6,28,44,1,10,4,6,9,55,2014,1
2023,16,Texans,Browns,20,13,3,4,68,250,13,3.7,178,3.4,2,72,16,4.5,2,0,2,1,22,36,5,15,1,3,26,49,3,33,2,2,10,76,1586,0
2023,16,Jaguars,Buccaneers,23,17,4,2,61,305,10,5.0,268,5.6,2,37,13,2.8,4,2,2,0,12,30,3,9,1,3,28,44,4,37,2,3,2,20,1373,0
2023,16,Buccaneers,Jaguars,22,17,4,1,73,335,11,4.6,265,7.2,0,70,36,1.9,0,0,0,0,30,12,10,19,1,2,26,35,2,18,2,5,6,44,2227,1
2023,16,Cardinals,Bears,16,10,5,1,60,306,12,5.1,213,5.3,0,93,20,4.7,0,0,0,0,16,27,7,16,0,1,24,38,2,17,1,1,2,8,1528,0
2023,16,Bears,Cardinals,22,8,13,1,67,420,11,6.3,170,6.1,1,250,39,6.4,1,0,1,0,27,16,8,15,0,0,15,27,1,0,3,5,5,35,2072,1
2023,16,Cowboys,Dolphins,19,9,7,3,61,339,9,5.6,242,6.7,0,97,25,3.9,1,1,0,0,20,22,4,12,2,2,20,32,4,11,1,3,6,38,1862,0
2023,16,Dolphins,Cowboys,22,16,4,2,64,375,9,5.9,284,7.5,0,91,26,3.5,0,0,0,0,22,20,6,13,0,1,24,37,1,9,1,4,5,33,1738,1
2023,16,Patriots,Broncos,12,11,1,0,56,289,13,5.2,230,6.6,0,59,21,2.8,1,1,0,1,26,23,3,13,0,0,25,33,2,26,2,3,3,25,1722,1
2023,16,Broncos,Patriots,19,10,9,0,65,276,15,4.2,193,4.6,0,83,23,3.6,2,2,0,0,23,26,4,13,1,2,25,37,5,45,2,3,2,25,1878,0
2023,16,Raiders,Chiefs,12,3,8,1,52,205,10,3.9,48,2.1,0,157,29,5.4,0,0,0,2,20,14,3,12,0,0,9,21,2,14,0,3,4,20,1542,1
2023,16,Chiefs,Raiders,19,11,6,2,74,308,11,4.2,223,4.6,1,85,25,3.4,2,1,1,0,14,20,5,16,3,5,28,45,4,23,2,4,5,44,2058,0
2023,16,Giants,Eagles,14,7,6,1,59,292,10,4.9,186,5.6,1,106,26,4.1,1,0,1,1,25,33,4,14,3,5,16,32,1,2,1,1,3,13,1522,0
2023,16,Eagles,Giants,28,16,12,0,74,465,11,6.3,295,7.6,1,170,35,4.9,2,1,1,0,33,25,8,15,2,2,24,38,1,6,2,5,9,65,2078,1
2023,16,Ravens,49ers,23,14,4,5,63,343,12,5.4,241,6.5,0,102,26,3.9,0,0,0,0,33,19,4,11,1,1,23,35,2,11,3,6,6,67,1874,1
2023,16,49ers,Ravens,21,14,5,2,68,429,11,6.3,308,6.2,5,121,18,6.7,5,0,5,0,19,33,6,14,1,3,26,46,4,28,2,4,10,102,1726,0
2023,17,Jets,Browns,17,10,6,1,68,360,13,5.3,253,5.4,1,107,21,5.1,2,1,1,1,20,37,6,16,1,2,32,45,2,8,0,1,12,74,1911,0
2023,17,Browns,Jets,20,9,9,2,58,428,12,7.4,301,10.0,1,127,28,4.5,3,2,1,1,37,20,5,10,0,1,19,29,1,8,3,5,4,26,1689,1
2023,17,Lions,Cowboys,21,14,7,0,67,420,11,6.3,295,8.2,2,125,31,4.0,2,0,2,0,19,20,4,13,2,3,20,35,1,7,2,4,6,35,1836,0
2023,17,Cowboys,Lions,17,12,4,1,62,384,12,6.2,323,7.9,1,61,21,2.9,2,1,1,0,20,19,7,14,0,0,26,38,3,22,1,2,5,34,1764,1
2023,17,Patriots,Bills,16,8,7,1,53,294,13,5.5,191,6.6,3,103,24,4.3,4,1,3,1,21,27,4,10,0,0,16,26,3,18,2,2,2,20,1628,0
2023,17,Bills,Patriots,19,8,10,1,68,281,12,4.1,154,5.0,1,127,37,3.4,1,0,1,1,27,21,7,15,0,0,15,30,1,15,2,5,4,32,1972,1
2023,17,Falcons,Bears,15,5,8,2,59,307,13,5.2,173,4.9,4,134,24,5.6,4,0,4,0,17,37,4,13,0,1,13,33,2,7,0,1,1,15,1366,0
2023,17,Bears,Falcons,22,12,10,0,72,432,13,6.0,240,6.9,0,192,37,5.2,0,0,0,0,37,17,6,16,1,2,20,32,3,28,4,5,5,55,2234,1
2023,17,Raiders,Colts,26,19,4,3,74,370,9,5.0,286,5.8,0,84,25,3.4,0,0,0,0,20,23,5,15,2,2,30,47,2,13,2,3,7,54,2024,0
2023,17,Colts,Raiders,16,7,8,1,53,349,10,6.6,215,9.0,0,134,29,4.6,0,0,0,0,23,20,6,13,1,1,15,23,1,9,1,3,5,52,1576,1
2023,17,Rams,Giants,22,14,7,1,61,391,14,6.4,286,7.5,2,105,23,4.6,3,1,2,0,26,25,2,8,0,1,24,34,4,31,3,3,3,28,1811,1
2023,17,Giants,Rams,17,8,7,2,67,389,13,5.8,284,6.0,1,105,20,5.3,1,0,1,1,25,26,5,16,1,3,27,41,6,35,0,2,7,65,1789,0
2023,17,Cardinals,Eagles,32,16,14,2,72,449,8,6.2,228,7.1,1,221,40,5.5,1,0,1,0,35,31,5,10,2,2,25,31,1,4,4,6,5,25,2379,1
2023,17,Eagles,Cardinals,17,11,5,1,47,275,7,5.9,184,7.7,1,91,23,4.0,1,0,1,1,31,35,4,9,1,1,19,24,0,0,2,2,4,49,1221,0
2023,17,Saints,Buccaneers,20,13,6,1,70,310,12,4.4,202,5.8,0,108,35,3.1,0,0,0,0,23,13,8,18,0,0,25,34,1,6,1,3,5,31,2198,1
2023,17,Buccaneers,Saints,13,10,1,2,50,349,12,7.0,292,8.3,2,57,15,3.8,4,2,2,0,13,23,2,8,1,1,22,33,2,17,0,0,5,38,1402,0
2023,17,49ers,Washington,28,14,12,2,68,408,9,6.0,224,7.7,0,184,39,4.7,0,0,0,0,27,10,4,9,0,1,22,28,1,6,3,6,3,20,2293,1
2023,17,Washington,49ers,12,6,5,1,43,225,9,5.2,163,5.6,2,62,14,4.4,2,0,2,0,10,27,3,9,0,1,17,28,1,6,1,2,5,40,1307,0
2023,17,Panthers,Jaguars,7,5,2,0,53,124,10,2.3,67,1.8,1,57,15,3.8,1,0,1,0,0,26,1,13,3,6,19,32,6,45,0,0,3,24,1591,0
2023,17,Jaguars,Panthers,16,9,6,1,62,317,11,5.1,162,6.0,0,155,35,4.4,0,0,0,0,26,0,7,16,1,1,17,24,3,16,1,5,1,15,2009,1
2023,17,Dolphins,Ravens,20,13,6,1,66,375,12,5.7,221,5.4,2,154,25,6.2,3,1,2,0,19,56,6,15,2,4,22,38,3,16,2,3,5,37,1777,0
2023,17,Ravens,Dolphins,24,15,8,1,55,491,13,8.9,331,14.4,0,160,32,5.0,1,1,0,0,56,19,4,7,1,1,19,22,1,9,5,5,7,45,1823,1
2023,17,Titans,Texans,11,7,3,1,53,187,10,3.5,134,4.2,0,53,21,2.5,1,1,0,0,3,26,1,12,2,4,18,26,6,50,0,1,3,15,1609,0
2023,17,Texans,Titans,20,12,7,1,61,312,8,5.1,201,6.1,0,111,28,4.0,0,0,0,1,26,3,3,11,0,0,24,32,1,12,1,3,1,6,1991,1
2023,17,Steelers,Seahawks,25,11,14,0,71,468,10,6.6,266,10.6,0,202,46,4.4,0,0,0,0,30,23,6,13,2,3,18,24,1,8,3,7,2,10,2253,1
2023,17,Seahawks,Steelers,17,13,4,0,49,369,9,7.5,281,8.3,0,88,15,5.9,1,1,0,0,23,30,3,9,0,0,23,33,1,9,2,3,4,25,1347,0
2023,17,Chargers,Broncos,17,10,6,1,63,301,10,4.8,215,5.5,0,86,24,3.6,1,1,0,0,9,16,2,11,1,2,24,38,1,5,0,1,3,48,1574,0
2023,17,Broncos,Chargers,16,7,8,1,67,313,11,4.7,212,6.2,0,101,33,3.1,0,0,0,0,16,9,7,17,1,1,20,32,2,12,0,2,7,49,2026,1
2023,17,Bengals,Chiefs,20,11,7,2,71,263,10,3.7,159,4.1,0,104,32,3.3,0,0,0,0,17,25,8,16,1,3,19,33,6,38,2,4,3,20,2057,0
2023,17,Chiefs,Bengals,15,10,4,1,53,373,10,7.0,241,7.8,0,132,22,6.0,1,1,0,0,25,17,3,12,1,1,21,29,2,4,1,3,3,39,1543,1
2023,17,Packers,Vikings,28,17,9,2,73,470,10,6.4,293,8.6,0,177,39,4.5,1,1,0,0,33,10,9,14,0,1,25,34,0,0,2,4,4,32,2252,1
2023,17,Vikings,Packers,13,10,1,2,52,211,11,4.1,144,4.0,1,67,16,4.2,2,1,1,0,10,33,3,10,0,2,18,32,4,36,1,3,6,27,1348,0
